1	0	2	0	2	1	2	1	1	37	0	0	0	0	0	2	0	0	0	1	0	1	1	1	1.4	1	1.2	1.33333333333333	2	1.5
2	1	4	0	2	1	1	1	1	19	0	1	0	0	0	6	0	0	1	1	0	1	1	1	3	3	3	3	3	3
3	0	0	0	1	1	1	1	1	30	0	0	0	0	0	7	0	0	0	1	0	1	1	1	2.2	2	1.4	3	3	3
4	4	9	6	1	1	1	1	1	20	1	0	0	0	0	4	0	0	1	0	0	1	1	1	3	3	3	3	3	3
5	0	1	1	1	2	2	1	1	25	0	0	0	0	0	5	0	0	0	0	0	2	2	3	2.4	2.75	2.8	2.66666666666667	1.5	2.5
6	7	7	5	2	1	1	1	1	26	0	0	0	0	1	5	0	1	0	1	0	1	1	1	1.2	1	2.6	3.33333333333333	3	4.5
7	3	2	3	1	1	1	1	1	29	0	1	0	1	0	6	0	0	1	0	0	1	1	1	1.8	1	1.4	2.33333333333333	3	1
8	0	0	1	1	1	1	1	1	22	0	0	0	0	0	6	0	1	0	0	0	1	1	1	2	2	2	3.33333333333333	3.5	3
9	8	6	1	2	1	1	1	1	43	1	0	0	0	1	6	0	0	0	1	0	1	1	1.5	1.6	1.5	1.6	4	3.5	3
10	0	4	1	1	1	1	1	1	33	0	0	0	0	1	6	0	0	0	0	0	1	1	1	2.6	2.5	3	3.33333333333333	2	2
11	12	7	2	1	1	2	1	1	34	0	1	0	0	0	2	0	0	0	0	1	1	1	1	2.2	3.25	3.2	1.66666666666667	2.5	3
12	3	11	7	1	1	1	1	1	29	0	0	0	0	0	4	0	0	0	1	0	1	1.5	1.5	2.4	3.5	3	2.66666666666667	3	2.5
13	1	3	2	1	1	1	1	1	36	0	0	0	0	0	5	0	0	0	0	1	1	1	1	2.8	1	2.6	5	5	5
14	0	0	0	2	2	1	1	1	32	0	0	0	0	0	7	0	0	0	0	0	2	1.5	1.5	1	1	3	4.33333333333333	4	3.5
15	3	8	6	1	1	1	1	1	33	0	0	0	0	0	7	0	0	0	0	0	1	1.5	2.5	2.6	2.75	4.2	3	3	3
16	5	14	17	2	2	1	1	1	36	0	0	0	1	0	2	0	0	0	1	0	1	1	1	1.4	1.75	1.4	3	4	3
17	0	10	7	1	1	1	1	1	25	0	0	0	1	0	4	0	0	0	0	0	1	1	1	3	3	3	3	3	3
18	8	6	3	2	1	1	1	1	27	0	1	0	0	0	7	0	0	1	0	0	3	4	3	3.4	1.75	2	2.66666666666667	3.5	4.5
19	0	0	0	2	1	1	1	1	27	0	0	0	0	0	6	0	0	0	1	0	1	1	1	1	1	1.4	5	5	4
20	29	18	14	2	1	1	1	1	42	0	1	0	0	0	2	0	0	0	0	0	4	4	4	4	4	4	4	4	4
21	6	15	8	1	1	1	1	1	26	0	0	0	0	0	6	0	0	0	1	0	1	1	1	1	1.5	2.6	4.33333333333333	4.5	4
22	7	11	11	1	2	1	1	1	21	0	0	0	1	0	3	0	0	0	1	0	3	2.5	2.5	1.8	3.5	2.4	3.66666666666667	4	4
23	5	7	7	2	2	2	1	1	24	0	0	0	0	0	3	0	0	0	1	0	1	1	1.5	2	2.5	2.2	3	3.5	3
24	2	7	5	2	2	2	2	2	34	0	0	0	0	0	10	0	0	1	1	0	1	1	1	1	1	1	5	5	5
25	0	0	0	2	1	1	1	1	23	0	0	0	0	0	7	0	0	0	0	0	1	1	1	1	1	1	1	1	1
26	1	2	0	2	1	2	1	1	26	0	0	0	0	0	6	0	0	0	1	0	1	1	1	1.2	1	1	4.33333333333333	4.5	3
27	2	6	0	1	1	1	1	1	29	0	0	0	0	0	5	0	0	0	1	0	1	1	1	1.8	1	2.2	4.33333333333333	5	5
28	8	17	14	2	2	1	1	1	21	0	0	0	0	0	5	1	0	0	1	0	1	1	1.5	2.2	2.25	3.2	3	4	3
29	2	3	7	1	1	1	1	1	28	0	0	0	0	0	5	0	0	0	0	0	1	1	1	2	2.25	2.6	2.66666666666667	3	2.5
30	3	5	2	1	2	1	1	1	33	0	0	0	0	0	6	0	0	0	1	0	2	2.5	2.5	3.4	3.75	2.8	3	3	3
31	2	5	2	2	1	2	1	1	34	0	0	0	0	1	8	0	0	0	1	0	1	1.5	1	1.8	1.5	1.8	3.66666666666667	2.5	3
32	9	13	6	2	1	1	1	1	33	0	0	0	1	0	5	0	0	0	0	0	1	2	1.5	3	3.25	3	3	3	3
33	0	4	4	2	1	1	1	1	22	0	0	1	0	0	4	1	0	0	1	0	1	1	1	1.4	1	2	3.66666666666667	5	2.5
34	15	7	7	2	2	1	1	1	34	0	1	0	0	0	4	0	0	0	1	0	1	1.5	1	2	1.75	2.2	4.33333333333333	4	2.5
35	14	9	4	1	1	1	1	1	38	0	0	0	0	0	7	0	0	0	0	1	1	1	1	2	2.25	2.2	4	4	3
36	1	2	0	1	1	1	1	1	31	0	0	0	0	0	3	0	0	0	0	0	1	1	1	2	1	1.8	3	3	3
37	0	0	0	1	1	2	1	1	33	0	0	0	0	0	4	0	0	0	1	0	1	1	1	1.2	1	1.2	1	1	2.5
38	5	11	13	1	1	1	1	1	26	0	0	0	0	1	6	0	0	0	0	0	1	1	1	1.8	2.25	3.2	2.66666666666667	3.5	1.5
39	20	7	7	2	1	1	1	1	25	0	0	0	0	0	5	0	0	0	1	0	2	1	1.5	1.8	1.75	2.4	4	4	3
40	6	4	5	1	1	1	1	1	30	0	0	0	0	0	5	0	0	0	1	1	1	1	1	3	2.5	3	3.33333333333333	3	3
41	29	22	14	2	1	1	1	1	24	0	0	0	1	0	2	0	1	0	1	0	4	3.5	3	2.6	3.25	3.2	2.66666666666667	1	4
42	0	0	0	1	2	1	1	1	18	0	0	0	1	0	5	0	0	0	0	0	1	1.5	1	2.2	2	1.6	3	4	5
43	2	9	5	1	1	1	1	1	28	0	0	0	1	0	3	0	0	0	0	0	1	1	1	2.4	2.75	3.6	3.33333333333333	3.5	3
44	0	0	0	1	1	1	1	1	28	0	1	0	0	0	6	0	0	1	0	0	1	1	1	1	1	1	1	1	1
45	20	21	19	1	2	1	1	1	28	0	0	0	1	0	1	0	0	1	1	0	2	1	2	1	1.75	1.2	4.33333333333333	5	4
46	0	1	0	2	1	1	1	1	46	0	0	0	0	0	6	0	0	0	0	0	1	1	1	1.8	2	3	2	3	3.5
47	0	3	2	1	1	1	1	1	29	0	1	0	0	1	6	0	0	0	0	0	1	1	1	2.2	3.25	3.4	2.66666666666667	2	2
48	0	0	0	2	1	2	1	1	45	0	0	0	0	0	8	0	0	0	1	0	1	1.5	1	1.4	1.75	1.2	4.66666666666667	4	4
49	7	7	6	1	2	2	1	1	26	0	1	0	0	0	4	0	0	0	1	0	1	1.5	2	2	2	2	3.33333333333333	3.5	4
50	1	2	0	2	2	1	1	1	20	0	0	0	0	0	8	0	0	1	1	0	1	1	1	1.4	1	1.6	4	4	3.5
51	4	12	21	2	1	1	1	2	20	0	0	0	0	1	7	1	0	0	1	0	2	3.5	2	3.2	3.5	3.4	2	2	2.5
52	6	3	0	2	1	1	1	1	36	0	0	0	0	0	7	0	0	0	1	0	1	1	1	1	1	2	3.66666666666667	3	2
53	10	13	12	2	2	2	2	2	21	1	0	0	0	0	6	1	0	0	1	0	1	2	1	3	2.75	3.2	3	3	2
54	3	6	3	2	2	1	1	1	18	0	0	0	0	0	5	1	0	0	1	0	1	1	1	3	3.25	3.6	3.33333333333333	3.5	2.5
55	7	6	2	1	1	1	1	1	47	0	0	0	1	0	5	0	1	0	1	1	1	1	1	2	2.25	2.4	3	3.5	3
56	0	0	2	1	1	1	1	1	23	0	0	0	0	0	7	0	0	0	1	0	1	1	1	2.4	2	2.4	2.66666666666667	2	2
57	9	5	8	1	2	1	1	1	25	0	0	0	0	0	5	0	1	0	1	0	1	1.5	1	2.4	2.75	2.4	3	3.5	2.5
58	2	2	0	1	1	1	1	1	30	0	0	0	0	0	5	0	0	0	0	0	1	1	1	1.4	1	3	3.66666666666667	3.5	3
59	9	7	4	1	2	1	1	1	25	0	0	0	0	1	5	1	0	0	1	0	1	1	1	2.8	3	3.4	2.66666666666667	2.5	2
60	6	7	6	2	1	1	1	1	31	0	1	0	0	1	4	0	0	0	1	0	3	2	3	1.8	1.75	2.6	4	4	3
61	1	5	1	2	1	1	1	1	22	0	0	0	1	0	1	0	0	1	1	0	1	1	1	1.6	1.5	1.8	2.33333333333333	3	2.5
62	6	5	2	2	1	1	1	1	26	0	0	0	0	0	6	0	0	0	1	0	1	1	1	1.2	1.5	2.2	4	4	3
63	0	2	0	2	1	1	1	1	26	0	0	0	0	1	6	1	0	0	1	0	1	1.5	1	2.2	3	3.6	3.33333333333333	4	3
64	5	7	7	2	2	1	1	1	26	0	0	0	0	0	5	0	0	0	1	0	1	1.5	1	1.4	1.5	2.4	3.66666666666667	4	2.5
65	0	0	0	1	1	1	1	1	27	0	0	0	0	0	6	0	1	0	0	0	1	1	1	2	2.25	2.6	3.66666666666667	3	3
66	0	0	0	2	1	1	1	1	33	0	0	0	0	0	5	0	0	0	0	0	1	1	1	1	1	1	1	1	1
67	16	11	7	1	1	1	1	1	33	0	0	0	1	0	4	0	1	0	0	0	1	1.5	1	2.8	3.25	4	3	3	3
68	0	7	4	1	1	1	1	1	30	0	0	0	1	0	2	0	0	1	0	0	1	1	1	2.2	2.25	2.8	3	4	3
69	2	6	3	1	1	1	1	1	30	1	0	0	0	0	5	0	0	0	0	0	2	1	1.5	2.8	3	3	3	3	3
70	0	7	4	2	2	1	1	1	22	0	0	0	0	0	7	1	0	0	1	0	1	1	1	3	3	3	3	3	3
71	6	5	5	2	1	1	1	1	26	0	1	0	0	0	3	0	0	1	1	0	1	1	1	1	2.25	1.2	3	3.5	4
72	0	0	0	1	1	1	1	1	43	0	1	0	0	1	8	0	0	0	0	0	1	1	1	1	2	1.8	3	4.5	4.5
73	1	9	7	1	1	1	1	1	46	0	1	0	0	0	3	0	0	1	1	1	2	2	2	2.8	3.5	3.2	3.33333333333333	4	3.5
74	0	0	0	1	1	1	1	1	47	1	0	1	1	0	6	0	0	0	0	0	1	1	1	1.4	2	3.4	4.33333333333333	4	5
75	5	9	11	1	2	1	1	1	24	0	0	0	0	0	6	0	0	0	0	0	1	1	1	2.2	2.5	3	3.66666666666667	4	3
76	0	0	0	1	1	1	1	1	42	0	0	0	0	0	6	0	0	0	0	1	1	1	1	1.8	1	2.2	2.66666666666667	3.5	1
77	0	0	0	1	1	1	1	1	41	0	0	0	0	0	7	0	0	0	0	0	1	1	1	2	2.5	2.2	5	5	4
78	0	0	0	1	1	1	1	1	28	0	0	0	0	0	7	0	0	0	0	0	1	1	2	2.6	2.5	3.6	3.33333333333333	3	2
79	8	4	4	2	1	1	1	1	21	0	0	0	0	0	2	1	0	0	1	0	1	1	1	1.4	1.25	2	4.66666666666667	5	3.5
80	0	0	0	2	1	1	1	1	18	0	0	0	0	0	7	0	0	0	0	0	1	1	1	1	1	1	2.33333333333333	1	1
81	12	18	13	2	2	2	1	1	24	0	0	0	0	0	5	0	0	1	1	0	2	2	2	2	2	2	4.33333333333333	4.5	3
82	10	6	14	1	1	1	1	1	30	0	0	0	0	0	6	0	0	0	1	0	2	2	2	3	3	3	3	3	3
83	6	6	13	1	1	1	1	1	31	0	1	0	1	0	3	0	1	0	0	0	1	1	1	3	3	3.4	3	3	3
84	16	9	7	2	1	1	1	1	20	0	1	0	1	0	3	0	0	0	0	0	1	1	1	3	3	3	3	3	3
85	8	14	3	2	1	1	1	1	27	0	0	0	0	0	1	0	0	0	1	0	4	4	4	2	3	3	3	2.5	3
86	20	13	10	1	1	1	1	1	22	0	1	0	0	1	3	0	0	0	0	0	3	2.5	2	3.6	4	4.4	3.66666666666667	1.5	1.5
87	2	0	0	1	2	1	1	1	25	0	0	0	0	0	4	0	0	0	1	0	1	1	1	1	1	1	3.33333333333333	4	3
88	0	0	0	1	1	1	1	1	19	0	0	0	0	0	5	1	0	0	0	0	3	3	3	3	3	3	2.66666666666667	3	3
89	23	18	12	1	1	1	1	1	29	0	0	0	0	0	3	0	0	0	1	0	3	1.5	2	2.8	2.5	3.2	3	4	3
90	9	24	21	1	1	1	1	1	24	0	0	0	0	0	2	0	0	0	1	0	1	1.5	1.5	2.4	3.25	3.4	3.66666666666667	3	3
91	0	0	0	1	1	1	1	1	39	0	0	0	1	0	3	0	0	1	0	0	3	2	2	3	2.5	2.8	3	3	3
92	5	4	0	1	1	1	1	1	33	0	0	0	1	0	3	0	0	1	0	0	1	1	1	2.2	1.25	2.4	3.33333333333333	3	2.5
93	29	21	20	2	1	1	1	1	23	0	0	0	1	0	3	0	0	0	1	0	3	3.5	3.5	3.6	4	4	4	4	4
94	0	1	0	1	2	2	1	1	22	0	1	0	0	0	7	0	0	0	1	0	3	3	3	3	3	3	3	3	3
95	12	11	10	2	2	2	1	1	22	0	1	0	0	0	1	1	0	0	1	0	1	1	1	2.8	3	2.6	3	3	3
96	3	7	3	2	1	1	1	1	22	0	0	0	0	0	5	1	0	0	1	0	1	1.5	1.5	2	2	2.6	3	4.5	3
97	1	7	4	2	1	1	1	1	19	0	0	0	0	0	5	1	0	0	0	0	1	1	1	2.4	2.75	3.4	2.66666666666667	4	3
98	26	27	15	2	1	1	1	1	23	0	0	0	0	0	3	0	1	0	1	0	1	1	1	2.8	2.5	2.8	3	3	2.5
99	0	0	0	2	1	1	1	1	23	0	0	0	0	0	6	0	0	0	0	0	2	1.5	1.5	2.4	3	2.6	3	3.5	3
100	0	0	0	1	1	1	1	1	30	0	0	0	0	0	4	0	0	0	1	0	1	1	1	1	1	1	1	1	1
101	14	12	7	1	1	1	1	1	31	0	0	1	0	1	3	0	0	0	0	0	1	1	1	2.8	2.25	2.6	3.66666666666667	3.5	3
102	0	5	5	1	1	1	1	1	39	0	0	0	0	0	7	0	0	1	1	0	1	1	1	2	1.25	3.4	3	3	3.5
103	14	20	18	2	2	2	1	1	26	0	0	0	0	0	1	0	0	0	1	0	1	1.5	1	2.2	1.5	1.4	3	3	3
104	2	0	0	2	2	1	1	1	28	0	1	0	0	0	3	0	0	0	0	1	1	1	1	1	1	1	1	1	1
105	29	17	12	2	1	1	1	1	26	0	0	1	1	0	10	0	0	0	1	0	4	4.5	2.5	3.2	2.75	3	3.33333333333333	3	4
106	7	4	2	2	1	1	2	2	38	1	0	0	1	0	6	0	0	0	1	0	1	1	1	2	2	2	2	2	2
107	10	12	9	2	2	2	2	1	31	0	0	0	0	0	6	0	0	0	1	0	1	1	1	1.8	1.75	1.8	3	4	3
108	4	4	6	1	1	1	1	1	42	0	0	0	0	0	5	0	0	0	1	0	1	1	1	2.2	2.5	3.2	3	3	3
109	0	0	0	1	1	1	1	1	30	0	0	0	0	0	2	0	0	0	1	0	1	1	1	2.2	1	1.6	3.33333333333333	3.5	2
110	0	0	0	2	1	1	1	1	30	0	1	0	0	0	4	0	0	0	0	0	1	1.5	1	2.8	3	3.2	3.33333333333333	3	3.5
111	20	27	21	2	1	1	1	1	41	0	0	0	0	0	3	0	0	0	1	0	1	1	1	2.6	1.75	2.8	4.33333333333333	2.5	2
112	0	1	2	1	1	1	1	1	26	1	0	0	0	0	5	0	0	0	0	0	1	1	1	2	2	2	2	2	2
113	0	3	0	2	1	1	1	1	38	0	0	0	0	0	8	0	0	0	1	0	1	1	1	2.6	2	1.8	5	5	5
114	0	0	0	1	1	1	1	1	29	0	0	0	0	0	8	0	0	0	1	0	1	1	1	1	1	1	1	1	1
115	0	0	0	1	1	1	1	1	31	0	0	0	0	0	10	0	0	0	0	0	1	1	1	1	1	1	1	1	1
116	18	13	6	1	1	1	1	1	32	0	0	0	0	0	6	0	0	0	1	0	2	2	2	2.8	3.5	3.2	4	4	4
117	4	1	3	1	2	1	1	1	22	0	0	0	0	1	5	1	0	0	0	0	5	4	4.5	2.2	1.5	2.4	4.33333333333333	3.5	2.5
118	0	0	0	2	1	2	1	1	37	0	0	0	0	0	7	0	0	0	1	0	1	1	1	3.2	1.75	3	5	5	5
119	1	0	0	1	1	1	1	1	21	0	0	0	0	0	8	1	0	0	0	0	1	1	1	1	1	1	1	1	1
120	0	8	7	2	2	1	1	1	31	0	0	0	0	0	4	0	0	0	0	0	4	4	4	3.6	3.5	3.2	3	3	2.5
121	8	9	6	2	1	2	1	1	45	0	1	0	1	0	5	0	0	0	1	0	2	2	2	2	2	2	2	2	2
122	2	8	7	2	1	1	1	1	31	0	0	0	0	1	7	1	0	0	1	0	1	1.5	1.5	2	2	2.8	4.66666666666667	4.5	4
123	2	0	0	2	2	2	1	1	25	0	0	0	0	1	6	1	0	0	1	0	1	1	1.5	1	1	1	4	4	4
124	5	9	5	2	1	1	1	1	39	0	0	0	1	0	1	0	0	0	0	0	2	1.5	2.5	2.8	2.75	3	2.66666666666667	3.5	3.5
125	12	5	1	1	1	1	1	1	26	0	1	0	0	1	6	1	0	0	0	0	1	1	1	1	1	1.6	4.66666666666667	4	2
126	22	8	5	1	1	1	1	1	40	0	0	0	0	0	6	0	0	0	1	0	1	2	1	1.4	1	2	2.33333333333333	2	3
127	5	0	1	1	1	1	1	1	24	0	0	0	0	0	4	0	1	0	1	0	1	2	2	2.6	3	3.2	3	3	2.5
128	3	0	0	1	1	1	1	1	24	0	1	0	0	1	6	1	0	0	0	0	1	1	1	1.8	1.25	3	3	4	3
129	15	10	7	2	2	2	1	1	29	0	0	0	0	0	1	0	0	0	1	0	3	2	3	1	1.75	1.2	4	4	2.5
130	0	0	0	2	1	1	1	1	20	0	0	0	0	0	5	0	0	1	1	0	1	1	1	1.8	1	1	2.33333333333333	3	1
131	12	5	3	1	1	1	1	1	27	0	0	0	0	0	8	0	0	0	0	0	1	1	1	2.2	3	2.8	3	3	3
132	0	0	0	1	1	1	1	1	47	0	1	0	1	0	1	0	0	0	0	1	1	1	1	3.4	3	3.4	3	3	3
133	8	16	14	1	1	1	1	1	26	0	0	0	0	1	4	1	0	0	0	0	1	1	1	2.4	2.75	3.8	4	3	2
134	9	5	4	2	1	1	1	1	26	0	0	0	0	1	4	1	0	0	1	0	1	1	1.5	2.6	3	3.6	3.66666666666667	3	2.5
135	3	10	7	1	2	1	1	1	20	0	0	0	0	0	4	0	0	0	1	0	1	2	1.5	3.2	3.25	3.4	3.66666666666667	4	3
136	6	8	4	2	2	1	1	1	37	0	0	0	0	0	5	0	0	0	1	0	1	1	1	1.2	2.25	3.2	3	4	1
137	15	11	6	2	1	1	1	1	44	0	0	0	0	0	6	0	0	0	1	0	1	1	1	2.4	2.25	3.4	4	4	3.5
138	16	8	6	2	1	1	1	1	25	0	0	0	0	0	4	0	0	0	1	0	4	2	3	1.4	1	1.6	4.33333333333333	4.5	4
139	3	3	4	1	1	1	1	1	23	0	0	0	1	0	5	0	0	0	0	0	1	1	1	2.4	2.75	3.2	3	2.5	3
140	10	8	7	1	1	1	1	1	38	0	0	0	0	0	3	0	0	0	0	0	1	1	1	3	3	3	3	3	3
141	5	5	0	2	2	1	1	1	33	0	0	0	0	0	5	0	0	0	1	0	1	1	1	1.2	1	1.6	3	3.5	3
142	9	5	4	1	1	1	1	1	25	0	1	0	0	0	8	0	0	0	0	0	1	1	1	3	3	3	3	3	3
143	10	17	8	2	2	1	1	1	23	0	0	0	0	0	4	0	1	0	1	0	1	1	1.5	2.8	3	2.8	4	4	3
144	4	0	0	2	1	1	1	1	47	0	0	0	0	0	6	0	1	0	1	0	2	1	1	1.8	1	1.4	3.33333333333333	4	3.5
145	6	13	10	1	1	1	1	1	33	0	0	0	0	0	5	0	1	0	0	0	2	2	2	2.6	2.75	3	4.33333333333333	3	2.5
146	8	3	0	2	1	1	1	1	44	0	0	0	0	0	7	0	1	0	1	0	2	1.5	1.5	1	1	1	4.33333333333333	5	2.5
147	3	0	0	1	1	1	1	1	36	0	0	0	0	0	3	0	0	0	0	1	3	2.5	2.5	1	1	2	4.33333333333333	3.5	3.5
148	3	16	14	2	1	1	1	1	32	0	0	0	0	0	5	1	0	0	0	0	1	1	1	2.8	3.25	3.6	3	3	2.5
149	2	2	0	1	2	1	1	1	41	0	0	0	0	0	2	0	0	0	1	0	1	1	1	2.2	1.5	2.6	1.66666666666667	2.5	1
150	18	26	12	1	2	2	1	1	18	0	0	0	1	0	1	1	0	0	1	0	1	1	1.5	2.2	2.25	2.4	3.33333333333333	3	3
151	10	5	1	1	1	1	1	1	40	0	0	0	0	0	6	0	0	0	1	0	1	1	1	1.4	1	1.6	3	3	3
152	2	4	6	2	1	1	2	1	19	1	0	0	1	0	6	0	0	0	1	0	1	1	1	2.4	2	2.4	4	4	4
153	14	11	6	2	2	1	1	1	36	0	0	0	0	1	5	0	0	0	1	1	1	1.5	1.5	2.4	2.5	3	3.33333333333333	3.5	2
154	18	16	10	2	1	2	1	1	23	0	0	0	0	0	5	1	0	0	0	0	1	1	1	2	1.75	1.6	5	5	5
155	4	13	12	1	1	1	1	1	35	0	0	0	0	0	5	0	1	0	1	0	2	2	2	1.6	1.25	1.6	3	4	3
156	8	19	14	2	1	1	1	1	25	0	1	0	0	1	8	1	0	0	1	0	1	1	1	2.4	3.5	3.2	4	3	2
157	0	5	3	1	2	2	1	1	33	1	0	0	1	0	4	0	0	0	1	0	1	1	1	2.6	3	3	2.33333333333333	4	2
158	2	6	4	2	2	1	1	1	19	0	0	0	0	0	3	1	0	0	1	0	1	1	1	1.8	2.5	3	3.33333333333333	3.5	3
159	1	1	1	1	1	1	1	1	34	0	0	0	1	0	3	0	0	0	0	0	1	1	1	2.6	1.5	1.4	5	5	5
160	2	7	7	1	1	2	1	1	30	0	1	0	0	0	5	0	0	0	0	0	1	1	1	2.6	1	2.2	5	5	3
161	0	3	0	1	2	1	1	1	31	0	0	0	0	0	7	0	0	0	0	0	1	1	1	1.8	2.5	2.4	4	3.5	2
162	1	1	2	1	2	1	1	1	22	0	0	0	0	0	5	0	0	1	1	0	1	1	1	2	2.5	1.8	3	3	3
163	5	1	0	2	1	1	1	1	48	0	0	0	0	0	5	0	0	1	1	0	1	1	1.5	1	1.75	2.8	4.33333333333333	3	3
164	0	3	0	2	2	1	1	1	34	0	0	0	0	1	5	0	0	0	1	0	1	1	1	1.8	2.75	2.6	3.66666666666667	3	2
165	8	11	12	1	1	1	1	1	28	0	0	0	0	0	5	0	0	0	0	0	1	1	1	1.8	1	3.2	3.33333333333333	3	2.5
166	0	0	0	1	1	1	1	1	62	0	0	0	0	0	6	0	0	0	1	1	1	1	1	1.4	1	1.2	4.33333333333333	5	2
167	0	0	0	2	1	1	1	1	31	0	1	0	0	0	6	0	0	0	1	0	3	2	2.5	2.2	1.5	2	4	4	4
168	1	9	4	1	1	1	1	1	43	0	0	0	0	0	4	0	0	0	1	0	1	1	1	1.8	3	3.4	3.33333333333333	4	2.5
169	6	6	3	1	1	1	1	1	40	0	0	0	1	0	4	0	1	0	0	0	1	1	1	1.6	1	2.4	1.33333333333333	1.5	1.5
170	13	13	8	2	1	2	1	1	23	0	0	0	0	0	6	1	0	0	1	0	1	1.5	1	1.4	1.75	1.4	3.33333333333333	4	3
171	20	12	6	1	1	1	1	1	33	0	0	0	0	0	5	0	0	0	0	0	2	1.5	2	1.6	1	3.2	5	4	5
172	6	7	1	2	2	2	1	1	23	0	0	0	0	0	5	0	1	0	1	0	1	2.5	1.5	1.6	2	2.6	4	4.5	3.5
173	2	6	6	1	2	1	1	1	37	1	0	0	0	1	5	0	0	0	1	0	1	1.5	1	3	3	3.2	3.66666666666667	3	3
174	1	9	14	1	2	1	1	1	28	0	0	0	0	1	6	1	0	0	1	0	1	1	1.5	1.6	2.75	3.4	3.66666666666667	5	1
175	11	6	5	1	1	1	1	1	22	0	0	0	0	0	4	1	0	0	1	0	1	1	1.5	1.8	2.75	3	3.66666666666667	2.5	2.5
176	2	8	4	2	1	2	1	1	22	0	1	0	1	0	2	0	0	1	1	0	2	1.5	1.5	3.2	2.75	3.2	3.33333333333333	3.5	4
177	18	12	10	1	1	1	1	1	44	0	0	0	1	0	2	0	1	0	0	0	3	2.5	4	3.8	3.75	3.8	3.66666666666667	1.5	1
178	4	5	3	2	2	1	1	1	30	0	0	0	0	0	5	0	0	0	1	0	1	1.5	1.5	2.2	2.25	2	3.33333333333333	3.5	3
179	2	9	9	1	1	1	1	1	23	0	0	0	0	0	7	1	0	0	1	0	1	1	1	1.2	2.5	2	1.66666666666667	1.5	1
180	6	6	7	1	2	1	1	1	24	0	0	0	0	0	4	1	0	0	0	0	2	1	1.5	2.4	2.5	2.6	3.33333333333333	3	4
181	0	7	3	2	2	2	1	1	27	0	0	0	0	0	5	0	0	0	1	0	1	1	1	1.8	1.5	1	3.66666666666667	4.5	3
182	0	15	10	2	2	1	1	1	23	0	1	0	0	0	3	1	0	0	1	0	1	1	2.5	2.6	2.5	3.2	3.66666666666667	4.5	3
183	4	0	0	2	1	1	1	1	49	0	0	0	0	0	6	0	0	0	1	1	1	1	1	2	1.75	2	5	5	5
184	0	0	0	2	1	1	1	1	47	0	0	0	1	0	4	0	0	1	1	0	1	1	1	2.8	3	3.2	3.66666666666667	3.5	3
185	3	8	7	2	2	1	1	1	35	0	0	0	0	1	5	0	0	0	1	0	2	1.5	2	3	3	3	3	3	3
186	2	8	6	1	1	1	1	1	30	0	0	0	0	0	2	0	0	0	1	0	1	1	2.5	1.6	2	2.4	4	3.5	3
187	12	7	6	1	1	1	1	1	48	1	0	0	0	0	5	0	0	0	1	0	2	1.5	1.5	2.2	2.25	2.8	2.66666666666667	4	3.5
188	0	8	3	1	1	1	1	1	37	0	0	1	0	0	5	0	1	0	0	0	1	1	1	2.4	2.5	3.4	3	2	2
189	0	4	2	1	2	2	1	1	19	0	0	0	0	0	8	1	0	0	1	0	1	1	1	1.6	1.5	1.4	4.66666666666667	5	3
190	0	7	6	2	1	1	1	1	24	0	0	0	1	0	5	0	0	1	1	0	1	2	1	2.4	2.5	2.6	3.66666666666667	4	3.5
191	24	11	0	1	1	1	1	1	36	0	0	0	0	0	4	0	0	0	0	1	1	1.5	2	2.8	1.75	4.4	1.66666666666667	2.5	3
192	9	7	1	2	2	2	1	1	26	0	0	0	0	0	7	0	0	0	1	1	1	1.5	1	1	1.75	1.4	4.66666666666667	4.5	3
193	0	6	3	2	1	1	1	1	23	0	1	0	0	0	7	0	0	0	0	0	1	1	1	2.6	3	2.8	2.66666666666667	3.5	2.5
194	0	0	0	2	1	1	1	1	29	0	0	0	0	1	8	0	0	0	1	0	1	1	1	3	3	2.6	3	3	3
195	0	0	1	2	1	1	1	1	18	0	1	0	1	0	5	1	0	0	0	1	1	1	1	1	1	1	1	1	1
196	0	3	1	1	2	1	1	1	22	0	0	0	0	0	7	0	0	0	1	0	1	1	1	1.6	2.5	3.2	3.66666666666667	4	2.5
197	16	19	20	2	2	1	1	1	22	0	1	0	0	0	3	1	0	0	1	0	1	1	1	4.4	3.5	3.6	5	5	5
198	6	15	15	2	2	1	1	1	25	0	0	0	0	1	4	1	0	0	1	0	2	1.5	1	2.2	2.5	3	3.33333333333333	5	3
199	14	7	1	2	1	2	1	2	27	0	0	0	0	0	7	0	0	0	1	0	1	1	1	1.8	2	1	4.33333333333333	5	5
200	5	6	3	2	2	1	1	1	39	0	0	0	0	0	6	0	1	0	1	0	1	1	1.5	2	1	2.4	4	2	3
201	10	5	0	2	2	1	1	1	20	1	0	0	0	0	5	1	0	0	1	0	1	1	1.5	1.2	1.5	1.8	5	4.5	3
202	0	2	2	2	1	1	1	1	38	0	1	0	1	0	1	0	0	0	0	1	1	1	1	1	1.5	1.4	3.66666666666667	4	3
203	2	8	9	1	1	1	1	1	34	0	0	0	0	0	4	0	0	0	0	0	1	1	1	2.4	2.75	3.2	3.66666666666667	3.5	4
204	0	0	0	1	2	1	1	1	34	0	1	0	0	0	5	0	1	0	1	0	2	2	2	3	3	3	3	3	3
205	0	0	0	1	1	1	1	1	40	1	0	0	0	0	7	0	0	1	1	0	1	1	1	1	1	1.8	5	5	5
206	15	6	4	1	1	1	1	1	53	0	0	0	1	0	3	0	0	0	0	0	1	1	1.5	2.4	2.75	3.4	2.33333333333333	3	3
207	10	17	21	2	1	2	1	1	62	0	1	0	1	0	3	0	0	1	0	1	1	1	1.5	3	3	3.2	3	3	3
208	11	6	7	1	2	2	1	1	31	0	0	0	0	0	3	0	0	0	1	0	1	1.5	2.5	1	1	2.6	1	3	2
209	0	5	6	2	2	1	1	1	34	0	0	0	0	0	7	0	0	0	1	0	1	1.5	1	1.8	1	2.6	4	4	4
210	3	5	3	1	1	2	1	1	26	0	0	1	0	0	5	0	0	0	0	0	1	1	1	2.4	3.5	2.8	3.33333333333333	2.5	3
211	7	9	7	1	1	1	1	1	37	0	0	0	0	0	6	0	0	0	0	0	1	1	1	3	3.25	3.6	2.33333333333333	2.5	2
212	0	7	0	1	1	1	1	1	21	0	0	0	0	0	5	1	0	0	0	0	1	1	1	2.6	3	3.4	3	3	3
213	6	1	1	1	1	1	1	1	31	0	0	0	1	0	3	0	0	0	1	0	1	1	1	2.2	3	2.4	2.66666666666667	2.5	3
214	0	2	0	2	2	1	1	1	20	0	0	0	0	0	3	1	0	0	1	0	1	1	1	1.4	1.25	2	4	4.5	2.5
215	11	6	1	2	1	2	1	1	24	0	0	0	1	0	2	0	0	0	0	0	1	1	1	1.4	1	1.6	3.33333333333333	3.5	3
216	8	6	2	1	1	1	1	1	45	0	1	0	0	0	4	0	0	0	0	0	1	1	1	1.6	1	3	2	2	2
217	0	0	0	1	2	1	1	1	20	0	0	0	0	0	7	1	0	0	1	0	2	2	2	3	3	3	3	3	3
218	7	3	2	2	1	1	1	2	35	0	1	0	0	0	7	0	0	0	0	0	1	1	1.5	1.4	1.25	3	3	3.5	2.5
219	6	4	7	1	1	1	1	1	63	0	0	0	0	0	5	0	0	1	0	0	1	1	1	3	2.75	3.2	2.33333333333333	3.5	3
220	0	0	0	1	1	1	1	1	33	0	0	0	0	0	6	0	0	0	1	0	1	1	1	1	1	1	1	1	1
221	10	10	6	1	1	1	1	1	29	0	0	0	0	0	5	0	0	0	1	0	1	2	1.5	2	3	3	3.33333333333333	3.5	3.5
222	1	7	5	2	2	1	1	2	24	0	0	0	0	0	5	0	0	0	1	0	1	1.5	1	1.4	2	2.2	4	4	3.5
223	10	13	13	2	1	1	1	1	39	1	0	0	0	0	9	0	0	1	1	0	2	2	2	1.8	2.25	3	3.66666666666667	4	4
224	2	5	5	2	1	1	1	1	29	0	0	0	0	1	6	1	0	0	1	1	1	1	1.5	1.2	1	2	3.66666666666667	4.5	2
225	1	1	2	2	2	1	1	1	34	0	0	0	0	1	3	0	0	0	1	0	1	1	1.5	1	1.5	2.2	4.33333333333333	4	3
226	10	9	12	1	1	1	1	1	21	0	0	0	0	0	1	0	0	0	0	0	1	1.5	1.5	1	2.5	2	2.66666666666667	4	3
227	4	3	0	1	1	1	1	1	29	0	1	0	0	0	4	0	1	0	0	0	1	1	1.5	1	1.75	1.6	3.33333333333333	5	5
228	11	9	6	1	1	1	1	1	34	0	0	0	0	0	6	0	0	0	1	0	1	1	1.5	1.8	2.75	2.8	2.33333333333333	4.5	3
229	0	22	19	1	1	2	1	2	39	0	0	0	0	0	7	0	1	0	1	0	3	3	3	3	3	3	4	2	3
230	0	4	0	1	1	1	1	1	29	0	0	0	1	0	5	0	0	0	1	1	1	1	1	1	1.75	2.8	4	4	4
231	0	0	0	1	1	1	1	1	23	0	0	0	1	0	4	0	0	1	1	0	1	1	1	1	1	1.2	3	4.5	3
232	0	5	1	2	1	1	1	1	19	0	0	0	0	0	8	1	0	0	1	0	1	1	1	1.4	1.5	1.2	3.33333333333333	4.5	4
233	4	2	0	1	1	1	1	1	34	0	1	0	0	0	5	0	0	0	0	1	1	1	1	1.6	3	3.2	2.33333333333333	3	1
234	7	4	3	2	1	1	1	1	41	0	0	0	1	0	2	0	0	0	1	0	1	1	1	3	2.5	2.4	5	5	4
235	10	7	7	1	2	1	1	1	35	0	0	0	1	0	7	0	0	0	0	0	1	1	1	3	3	3	3	3	3
236	2	21	2	1	1	1	1	1	21	0	1	0	0	0	5	0	0	1	0	0	1	1	1	2.6	3	4.2	1	1	1
237	3	12	14	2	1	1	1	1	30	0	0	0	0	1	7	0	0	0	1	0	2	2	1	1	1	1	4.66666666666667	4	4
238	15	18	12	2	1	1	1	1	35	0	0	0	1	0	4	0	0	0	1	0	1	1.5	2	3.8	4.5	4.6	1	1	1
239	3	13	12	2	1	1	1	1	27	0	0	0	0	0	3	0	1	0	1	0	1	1.5	1	1.2	2	2.6	4	3.5	2
240	4	6	7	2	2	1	1	1	30	0	0	0	1	0	6	0	0	1	1	0	2	2	1.5	2	2.25	2.4	3.33333333333333	3.5	3
241	4	5	2	2	2	1	1	1	35	0	0	0	1	0	3	0	0	0	1	1	1	1.5	2	1.6	1.5	2.6	2.33333333333333	3	1
242	13	6	6	2	1	1	1	1	41	0	0	0	0	0	1	0	0	0	1	0	1	1	1	1.6	1.5	2.4	3.66666666666667	4	4.5
243	5	8	7	1	1	1	1	1	47	0	0	0	1	0	2	0	0	0	0	1	1	1.5	1.5	2.4	3.5	3.2	2	3.5	3
244	3	16	11	1	1	1	1	1	37	0	0	0	0	1	3	0	0	0	1	0	1	1	2	2.2	1.5	2.4	2.66666666666667	3	2.5
245	0	6	1	2	2	1	1	1	39	0	0	0	0	0	7	0	0	0	1	0	1	1	1	1	1	1.8	3.33333333333333	4.5	4.5
246	12	18	0	1	1	1	1	1	31	0	0	0	0	0	3	0	0	0	1	0	1	2	1.5	1.4	1.25	2.6	3.66666666666667	3.5	3
247	0	1	0	2	2	1	1	1	20	0	0	0	1	0	6	0	0	1	1	0	1	1	1	1.8	1.25	1.8	3.33333333333333	3.5	3.5
248	2	0	0	1	2	1	1	1	36	0	0	0	0	0	5	0	0	0	1	0	1	1	1	3.2	2.75	3.2	4	4	3
249	0	0	0	1	1	1	1	1	26	0	0	0	0	0	5	0	1	0	0	0	1	1	1	1.4	1.5	2.2	4	4.5	3.5
250	15	7	2	1	1	1	1	1	34	0	1	0	0	1	8	0	0	0	0	1	2	2	2	2.8	3	3.2	3.33333333333333	3	3
251	0	0	0	1	1	1	1	1	39	0	1	0	1	0	7	0	0	0	0	0	1	1	1	2.6	3.25	3.2	2.66666666666667	3	4
252	1	0	0	1	1	1	1	1	44	0	0	0	1	0	6	0	0	0	0	0	1	1	1	1	1	1.8	1	1	1
253	19	11	7	2	2	2	1	2	33	0	0	0	0	0	6	0	0	0	1	0	3	3	3	3	3	3	3	3	3
254	5	4	2	1	1	1	1	1	35	0	0	0	0	0	3	0	0	0	1	0	1	1	1.5	3.2	3	3.4	3.33333333333333	3.5	3
255	2	4	1	2	1	1	1	1	22	0	1	0	1	0	3	0	0	0	1	0	1	1.5	1	2.4	3	3	3	4	3
256	0	6	6	2	1	1	1	1	28	0	0	0	0	0	7	0	0	0	1	0	1	2	1	2.4	2	2.2	3	3	3
257	0	0	0	1	1	1	1	1	29	0	0	0	0	0	5	0	0	0	0	0	1	1	1	1.2	2	1.6	1	2.5	3
258	11	6	5	2	1	2	2	1	35	1	0	0	0	0	6	0	0	0	1	0	4	2.5	3	2	2.25	2.6	3	3.5	3
259	14	6	7	1	1	1	1	1	50	0	0	0	0	0	5	0	0	0	1	0	1	1.5	1.5	2.6	3.25	3.8	3.33333333333333	3.5	2.5
260	0	0	0	1	1	1	1	1	35	0	1	0	0	0	7	0	0	0	0	0	1	1	1	1.4	1.25	1.6	2	2	2
261	29	14	9	2	1	1	1	1	33	0	0	0	1	0	4	0	1	0	0	0	2	1.5	1.5	2	1.75	2.2	3.66666666666667	4	3
262	13	7	4	2	1	1	1	1	41	0	0	0	0	0	6	0	0	0	1	0	1	1	1	1.4	1	2	3.33333333333333	4.5	3
263	0	1	1	1	1	1	1	1	33	0	0	0	1	0	2	0	0	0	0	0	1	1	1	2.6	1.25	2.2	3.33333333333333	4	4.5
264	9	1	6	1	1	1	1	1	44	0	0	0	0	1	5	0	0	0	1	1	1	1	1	2.4	3	3	3	3	2
265	0	0	0	1	1	1	1	1	32	0	1	0	0	1	8	0	0	0	0	0	1	1	1	2.2	2.5	2.2	3	3	3
266	9	19	13	2	2	1	1	1	27	1	0	0	1	0	3	0	1	0	1	0	1	1	1	2.4	2.5	2.6	3	3.5	3
267	4	5	4	2	2	1	1	1	20	0	0	0	0	0	3	1	0	0	1	1	2	2	2	3	3	3	3	3	3
268	3	4	1	2	2	2	1	1	28	0	0	0	0	1	7	0	1	0	0	0	3	1.5	2.5	1.2	1.5	2.4	4.66666666666667	5	2
269	3	7	5	2	2	1	1	1	19	0	1	0	0	0	4	1	0	0	0	0	1	3	1.5	1	3.5	2.4	3.66666666666667	3.5	1.5
270	4	10	7	2	2	1	1	1	23	0	0	0	0	1	5	1	0	0	1	0	1	1	1	1.4	1.75	2.2	3.66666666666667	4	3
271	3	8	6	2	2	2	1	1	22	0	0	0	0	0	6	1	0	0	1	0	1	1	1	2	2.5	2.8	1.33333333333333	3.5	2
272	0	2	0	2	2	2	1	1	21	0	0	0	0	0	5	0	0	1	1	0	1	1	1	1	1	1	2	1	1
273	1	0	0	1	1	1	1	1	51	0	1	0	0	0	8	0	0	0	0	0	1	1	1	2.2	2.5	2.8	3.33333333333333	3	3
274	5	2	0	1	1	1	1	1	40	0	1	0	0	0	3	0	0	0	0	1	1	1	1	1.4	1	2.6	3	4	3
275	4	2	1	1	1	1	1	1	35	0	0	0	0	0	3	0	0	0	0	0	1	1	1.5	1.8	1.5	1.4	3	3	3
276	0	1	0	1	1	1	1	1	31	0	0	0	0	1	7	0	0	0	0	0	1	1	1	1	1	1	1	1	1
277	2	1	4	2	1	1	1	1	38	0	1	0	0	1	6	0	0	0	1	1	1	1	1	1.6	2	2.2	3.66666666666667	3.5	3
278	3	1	0	2	1	1	1	1	30	0	1	0	0	0	6	0	0	0	1	0	3	1	2	1.8	1	3.6	3	3.5	2
279	21	16	8	2	1	1	1	1	40	0	0	0	0	0	6	0	0	0	1	0	1	3	1.5	2	1.75	1.6	4	4.5	3
280	0	0	0	1	1	1	1	1	31	0	0	0	0	0	7	0	0	0	0	0	1	1	1	1.8	1	1.8	1.66666666666667	3.5	1
281	8	11	7	1	1	1	1	1	30	0	0	0	0	1	2	0	0	0	0	0	1	1	1	2.8	3	2.2	3	3	3
282	9	7	8	2	1	1	1	1	27	0	0	0	0	1	5	1	0	0	1	0	1	1	1	3	3.25	4.4	2.33333333333333	2.5	2.5
283	0	0	0	1	1	1	1	1	35	0	0	0	1	0	4	0	0	0	0	0	1	1	1	1	1	1	1	1	1
284	0	0	0	1	2	1	1	1	28	0	1	0	0	0	4	0	0	0	0	1	1	1	1	2.4	3	3.4	2	3	2.5
285	5	5	4	2	2	1	1	1	30	0	0	0	0	0	5	0	0	0	1	0	1	1	1	2.4	2	2.6	3.33333333333333	3	3
286	4	7	2	1	1	1	1	1	32	0	0	0	0	0	6	0	0	0	1	0	1	1.5	1.5	3	3	3	3	3	3
287	3	7	6	1	2	1	1	1	45	0	0	0	0	0	6	0	0	0	0	1	1	1	1	2.8	3	3.4	2.66666666666667	2.5	2
288	0	5	2	2	1	1	1	1	37	0	1	0	1	0	7	0	0	0	1	0	1	1	1	1.6	2	2	2	2	2
289	8	18	14	2	1	1	1	1	31	1	0	0	0	0	3	0	0	0	1	0	1	3	1	1.6	2.75	2.8	4	3	4.5
290	4	2	0	1	1	1	1	1	19	0	0	0	0	0	5	1	0	0	0	0	1	1.5	1	1	1.25	1.8	1.66666666666667	2	1
291	2	9	7	2	1	1	1	1	35	0	0	0	0	0	4	0	0	0	1	0	1	1	1	1.8	1.5	2.2	3.33333333333333	3.5	3
292	0	4	1	2	2	1	1	1	32	0	0	0	0	0	5	0	0	0	1	0	1	2.5	2.5	1	2.5	2	3.66666666666667	3	2
293	17	18	13	2	1	1	1	1	28	0	1	0	0	0	2	0	0	0	0	1	1	2	1.5	2.6	3.25	3	3.33333333333333	4	2.5
294	7	18	14	1	2	1	1	1	23	0	0	0	1	0	2	0	0	1	1	0	1	1.5	1	1.4	1.75	1.2	4	4	3
295	15	19	18	1	1	1	1	1	32	0	1	0	0	0	6	0	1	0	0	0	3	3.5	4.5	2.4	2.75	4	3.66666666666667	4	2
296	9	6	8	1	1	1	1	1	26	0	1	0	1	0	7	0	0	0	1	0	1	1	1	1.2	1.25	1.6	1	3.5	3
297	2	11	7	2	1	1	1	1	31	0	0	0	0	0	5	0	1	0	1	0	2	2	2	2	2.75	2.6	3.33333333333333	3	3
298	0	2	1	1	1	1	1	1	51	0	1	0	1	0	7	0	0	0	1	0	1	1	1	1.6	1.5	2.2	3.33333333333333	4.5	3
299	6	8	4	2	2	1	1	1	21	0	0	0	0	0	4	1	0	0	1	0	1	1.5	1.5	3.2	3.25	3.8	3.33333333333333	3.5	3
300	5	9	11	2	2	1	1	1	40	1	0	0	0	0	6	0	0	0	0	0	2	2	2	2.8	3.75	3.2	3	3	3
301	4	0	0	1	2	1	1	1	21	0	1	0	0	0	2	1	0	0	1	0	1	1	1	1.8	1	1.4	2.66666666666667	3	3
302	0	1	2	1	1	1	1	1	18	0	0	0	1	0	5	1	0	0	1	0	1	1	1	1	1	1	1	1	1
303	0	0	0	2	1	1	1	1	20	0	0	0	0	0	4	1	0	0	1	0	1	1	1	1	1	1.6	3.33333333333333	4.5	4
304	1	12	9	2	1	1	1	1	20	0	0	0	0	0	5	1	0	0	1	0	1	1	1	1.4	1	1.4	4	4	4
305	29	19	13	2	2	1	1	1	34	0	0	0	0	0	3	0	0	0	1	0	2	2	1.5	3.4	2.5	3.4	3.66666666666667	5	1
306	0	9	4	2	1	1	1	1	20	0	1	0	0	0	3	1	0	0	1	0	1	1	1	2.2	2.5	2.6	3	3	2.5
307	16	20	17	2	2	1	1	1	21	0	0	0	0	0	3	1	0	0	1	0	1	1	1	2	2.5	2.4	3.66666666666667	4	3
308	3	4	2	1	1	1	1	1	38	0	1	0	1	0	5	0	0	0	1	0	1	1.5	1.5	2.4	2.5	2.6	3.33333333333333	3.5	4
309	7	11	3	2	2	2	1	1	22	0	0	0	0	0	2	1	0	0	1	0	1	1	1	1	2	1	4.33333333333333	5	5
310	3	7	6	1	2	2	1	1	22	0	0	0	0	0	4	1	0	0	1	0	1	1	1.5	1.6	1.75	1	3.66666666666667	3.5	3.5
311	9	4	2	2	1	1	1	1	19	0	0	0	0	0	6	1	0	0	1	0	1	1	1	2.2	2.5	2.6	3.66666666666667	4	3.5
312	0	0	0	1	1	1	1	1	28	0	1	0	1	0	6	0	1	0	0	1	1	1	1	1	2	1.8	2.33333333333333	3	3
313	13	1	2	1	2	1	1	1	19	0	0	0	0	0	7	1	0	0	1	0	2	1.5	1.5	1.8	1.5	1.6	1.33333333333333	1	1
314	0	6	6	1	1	1	1	1	42	0	1	0	0	1	6	0	0	0	1	0	1	1.5	1	1.2	2	2.4	3.66666666666667	4.5	4
315	7	8	6	2	1	1	1	1	20	0	0	0	0	0	3	1	0	0	1	0	2	1.5	1.5	1.8	1	1.6	3.66666666666667	4	3
316	35	17	15	2	2	2	1	1	21	0	1	0	0	0	6	1	0	0	1	0	1	1	1	3	4.5	3	3.66666666666667	3	3
317	10	3	1	2	2	1	1	1	24	0	0	1	0	1	4	1	0	0	1	0	1	1	1	1	1	2.2	3.66666666666667	4.5	2
318	0	0	0	2	1	1	1	1	30	0	1	0	1	0	3	0	0	0	0	0	1	1	1	3	3	3	3	3	3
319	9	4	6	1	1	1	1	1	19	0	1	0	1	0	4	0	0	0	0	0	1	1	1.5	1.8	2.25	2.6	3.33333333333333	3.5	3
320	4	3	7	1	2	1	1	1	19	1	0	0	0	0	6	1	0	0	1	0	1	1	1	1.8	1.25	2.6	3.66666666666667	4	4
321	5	12	6	1	1	2	1	1	20	0	0	0	1	0	5	0	0	1	0	0	1	1.5	1.5	1.8	2.5	3.2	4	4	3
322	0	1	0	1	1	1	1	1	27	0	1	0	0	0	6	0	0	0	0	0	1	1	1	2	2.5	3	3	3	3
323	3	1	0	2	1	1	1	1	38	0	0	0	1	0	9	0	1	0	1	0	2	2	2	2.8	2.25	2.4	3.33333333333333	3.5	3
324	1	5	3	2	2	2	1	1	27	0	0	0	1	0	4	0	0	0	1	0	1	1	1	2.4	2	2.2	3	4	3
325	4	4	6	1	1	1	1	1	20	0	0	1	1	0	4	0	0	0	0	0	1	1	1	2.8	2.75	3.2	3.66666666666667	3.5	3
326	4	7	3	1	1	1	1	1	26	0	0	0	0	0	5	0	0	0	0	0	1	1.5	1.5	2.2	2.25	2.8	3.33333333333333	4	3
327	0	0	0	1	1	1	1	1	21	0	1	0	0	0	1	1	0	0	0	0	1	1	1	1.8	1	1.4	3	3	2
328	3	14	6	1	2	1	1	1	30	0	0	0	0	0	5	0	0	0	1	0	1	1	1	2.2	2	2.2	2.33333333333333	2	2
329	0	0	0	1	1	1	1	1	26	0	0	0	0	0	1	0	0	0	0	0	1	1.5	1.5	3.4	3.75	3.6	2.33333333333333	2.5	2
330	6	1	1	1	1	1	1	1	19	0	0	0	0	0	8	1	0	0	0	0	1	1	1	1	1	1.6	3	5	4
331	7	5	4	1	2	1	1	1	39	0	0	0	0	1	6	0	0	0	0	0	1	1.5	1	1.8	1.5	1.8	3	3	2
332	0	10	14	1	1	1	1	1	27	0	0	0	0	1	7	0	0	0	0	0	2	2	2.5	2	4	3.6	3.66666666666667	1	1
333	6	6	8	2	1	1	1	1	38	0	0	0	0	0	7	0	0	0	1	0	1	1	1	1.2	1.25	1.4	5	5	4.5
334	13	8	6	2	1	1	1	1	21	0	0	0	0	0	4	1	0	0	1	0	1	1	1	1.6	2.25	1.8	3	3	2
335	10	8	3	2	2	1	1	1	26	0	0	0	0	1	2	1	0	0	1	0	1	1	1	1.6	1	1.4	3.33333333333333	3	2.5
336	7	10	6	2	2	1	1	1	18	0	1	0	0	0	7	1	0	0	1	0	1	1	1	2	2	2.2	2	2	2
337	2	2	1	2	1	1	1	1	23	0	0	0	0	0	4	1	0	0	1	0	1	1	1.5	2	2	2	3.33333333333333	3.5	3
338	0	0	0	1	1	1	1	1	21	0	1	0	0	0	6	1	0	0	0	0	1	1	1	1.8	1	2.2	3.33333333333333	3	3
339	10	7	8	1	1	1	1	1	32	0	0	0	0	1	8	0	0	0	1	0	2	1.5	1.5	2.6	2.75	3	3.66666666666667	3.5	3
340	0	3	0	2	1	1	1	1	28	0	1	0	0	1	7	0	0	0	1	0	1	1	1	1.6	1	1.8	3	1.5	1.5
341	0	18	9	2	1	1	1	1	22	1	0	1	0	0	5	0	0	1	0	0	1	1	1	1	1	1	1	1	1
342	4	0	0	1	1	1	1	1	21	0	0	0	0	0	5	0	1	0	1	0	1	1	1	2	2	2	2	2	2
343	12	8	6	1	2	1	1	1	23	1	0	0	0	0	5	0	0	0	1	0	1	1	1	2.4	2.5	2.4	3.33333333333333	3.5	3
344	4	4	4	2	2	1	1	1	20	0	0	0	0	0	7	1	0	0	1	0	2	1	1.5	1.4	1	1.8	3	4.5	3
345	0	3	1	1	1	1	1	1	43	0	1	0	0	0	6	0	0	0	0	1	1	1	1	2.2	2	2.8	3	3.5	2.5
346	1	9	10	1	1	1	1	1	19	0	0	0	0	0	6	1	0	0	0	0	3	3.5	2	1.8	2.75	3	3	3	4
347	1	5	0	1	1	1	1	1	40	0	0	0	0	0	7	0	0	0	1	1	2	2	2	2.4	2	2.2	3	3	3
348	0	9	1	2	1	1	1	1	22	0	0	0	0	0	9	1	0	0	1	0	1	1	1	1	1	3.2	5	5	5
349	0	0	0	1	1	1	1	1	46	0	1	0	0	0	7	0	1	0	0	0	1	1	1	2	2	2.2	2	2	2
350	0	5	7	2	1	1	1	1	28	0	0	0	0	0	6	0	0	0	1	0	2	1.5	2	1.8	1	2.4	3.66666666666667	4.5	2
351	2	1	0	2	1	1	1	2	53	0	0	0	0	0	6	0	0	0	0	0	1	1	1	1	1	1	1	1	1
352	9	4	6	1	2	1	1	1	24	0	1	0	0	0	6	0	0	0	1	0	2	1	1.5	1.4	1.5	2	3.33333333333333	3.5	3
353	11	7	5	2	1	1	1	1	21	0	0	0	0	0	3	1	0	0	0	0	1	1	1.5	2.4	2.5	2.6	2.33333333333333	2.5	2.5
354	6	7	3	2	2	2	1	1	20	0	0	0	0	0	5	1	0	0	1	0	1	1	1.5	1	1.5	1.4	3.33333333333333	4	3
355	1	2	2	2	1	1	1	1	18	0	0	0	0	0	10	1	0	0	1	0	1	1	1	1.6	1	1.2	4.66666666666667	4.5	3.5
356	2	0	0	1	1	1	1	1	47	0	0	0	0	1	7	0	0	0	0	1	1	1	1	1.8	1	1.8	4.33333333333333	5	5
357	13	13	7	2	1	1	1	1	37	1	0	0	0	0	4	0	0	0	1	0	1	1	2.5	2.2	2	1.6	3.66666666666667	4	3.5
358	3	9	10	1	1	1	1	1	21	0	1	0	1	0	4	0	0	0	0	0	1	1.5	1	1.8	1.25	1.8	2.66666666666667	2.5	2
359	12	5	2	2	1	2	1	1	35	0	0	0	0	1	8	0	0	0	1	0	1	2	1	1.2	2.25	2.6	3.33333333333333	4	2.5
360	12	3	0	1	1	1	1	1	22	0	1	0	0	0	3	0	1	0	0	0	1	1	1	2.6	3	3.2	2.66666666666667	3.5	3
361	0	1	0	1	1	1	1	1	39	0	0	0	0	0	6	0	0	0	0	1	1	1	1	1.8	2.5	2.4	2.66666666666667	3.5	4
362	9	9	7	2	1	1	1	2	30	0	0	0	0	0	6	0	0	0	1	0	1	1	1	2.2	3	2.4	3	3	3
363	2	0	0	1	2	2	1	1	22	0	0	0	0	0	4	1	0	0	1	0	1	1	1	1.6	1	1.8	2.66666666666667	3.5	3
364	4	15	20	1	2	2	1	1	26	0	0	0	0	0	3	0	0	0	1	0	2	1.5	3.5	1	1	1.6	4.33333333333333	4	3.5
365	19	9	7	1	2	2	1	2	37	0	1	0	0	0	8	0	0	0	0	1	1	1	1	2.2	2.5	2.2	3	3	3
366	3	12	8	2	2	2	1	1	25	0	0	0	0	1	6	1	0	0	1	0	2	2	2	2.2	2.25	2.8	2	2	2
367	7	10	6	1	1	1	1	1	28	0	0	0	0	0	2	0	0	0	1	0	1	1	1	1	1.25	1	1	3	1
368	0	0	0	1	2	1	1	1	41	0	0	0	0	1	7	0	0	0	1	0	1	1	2	2	2	2.8	2	2.5	2
369	50	25	21	1	1	1	1	1	31	0	0	0	1	0	1	0	0	1	0	0	1	1	1	1.4	3.5	2.6	1	1	1
370	1	4	0	1	1	1	1	1	50	0	0	0	0	0	8	0	1	0	1	0	1	1	1	2.4	2.75	2.4	3	3	3
371	3	4	0	1	1	1	1	1	31	0	0	1	0	0	4	0	1	0	1	0	1	1	1	1.8	1	3.2	3.66666666666667	3	3
372	0	0	0	2	1	1	1	1	23	0	0	0	0	1	5	1	0	0	1	0	1	1	1	3	3	3	3	3	3
373	4	8	7	1	1	1	1	1	33	0	0	0	0	1	7	0	0	0	1	0	1	1	1	1.8	1.5	2.2	3.33333333333333	4	3
374	0	5	1	1	1	2	1	1	32	1	0	0	1	0	5	0	0	0	0	0	1	1	1	1.6	1.75	1.4	3	3	3
375	5	14	8	2	2	2	1	1	19	0	0	0	0	0	4	1	0	0	1	0	1	2.5	1.5	1.4	2	2	4.66666666666667	5	4.5
376	4	5	6	1	1	1	1	1	23	0	1	0	0	1	4	0	0	0	0	0	1	1	1	2.6	2	2.4	3	3	2.5
377	0	0	0	1	1	1	1	1	31	0	0	0	1	0	6	0	0	0	0	0	1	1	1	2.8	3.5	4.2	3.66666666666667	3	2
378	1	2	1	2	2	2	1	1	26	0	0	0	0	0	4	0	0	0	1	0	1	1	1.5	1.8	1	1.4	3	4	3
379	3	9	13	1	1	1	1	1	23	0	1	0	0	0	7	1	0	0	1	0	1	1	1	2.2	2.5	2.8	3.66666666666667	3.5	3
380	0	7	0	1	1	1	1	1	40	1	0	0	0	0	5	0	0	0	0	0	2	2	2	3.2	3	3	2.33333333333333	2.5	2
381	0	9	2	1	2	1	1	1	40	0	0	0	1	0	6	0	0	0	1	0	1	1	1	2.6	2.25	3	3.66666666666667	2	1
382	4	9	10	1	1	1	1	1	26	0	0	0	0	0	6	0	0	0	1	0	1	1	1.5	1.2	2	3.2	3	3.5	2
383	4	1	0	1	1	1	1	1	54	0	0	0	1	0	3	0	0	1	1	0	1	1	1	1.4	2	1.6	4	4	4
384	7	8	6	2	2	2	1	2	25	1	0	0	0	1	5	0	0	0	1	0	2	1	2	1.4	2	1.8	4.33333333333333	4.5	3
385	10	20	21	2	2	1	1	1	23	0	0	0	1	0	4	0	0	1	1	0	1	1	1	1	1.5	2	3	4.5	5
386	1	8	7	1	1	1	1	1	33	0	0	0	0	0	6	0	0	1	1	0	1	1	1	2.4	2	2.2	2	2.5	2
387	5	4	1	2	1	1	1	1	23	0	0	0	0	0	5	1	0	0	1	0	1	1	1	2	1	2.2	3.66666666666667	3.5	3.5
388	2	4	2	2	1	1	1	1	51	0	0	0	0	0	8	0	0	0	0	0	1	1	1	1.6	1.75	2.8	3.66666666666667	4	3.5
389	1	6	6	1	1	1	1	1	24	0	0	0	1	0	4	0	0	0	0	0	1	1	2	1	1	3	3.66666666666667	5	5
390	7	15	11	2	1	2	1	1	33	0	0	0	1	0	5	0	0	0	1	1	2	2	2	2	2.75	2	3	3.5	2.5
391	4	23	15	2	2	2	1	1	34	0	0	0	0	1	1	0	1	0	1	0	2	1.5	1.5	2	2.25	2.6	4	4	3.5
392	13	5	6	2	1	1	1	1	29	0	0	0	0	0	5	0	0	0	1	0	2	1	1.5	1.6	1.25	2	2	4	2.5
393	5	0	0	1	1	1	1	1	21	0	1	0	0	0	4	0	0	0	0	0	1	1	1	2.6	2.75	2.2	3	3	3.5
394	5	10	9	2	1	1	1	1	38	0	0	0	0	1	5	0	0	0	1	1	1	1.5	1	1.4	1	2.4	3.66666666666667	4	3
395	0	0	1	1	1	1	1	1	36	0	0	0	0	0	3	0	0	1	1	0	2	1	1	1.6	2.75	2	3.66666666666667	3	3
396	1	9	3	2	2	2	1	1	26	0	0	0	0	0	4	0	1	0	1	0	1	1	1.5	1.2	2.75	1.8	4	4	2.5
397	4	3	4	1	1	1	1	1	50	1	1	0	0	0	7	0	0	0	0	1	1	1.5	1	1.8	2	2.4	2.66666666666667	3	2
398	6	17	18	1	1	1	1	1	27	0	0	0	0	0	3	0	0	0	1	0	3	2.5	2.5	1.4	1.25	2.4	4	4	3
399	6	9	7	1	1	1	1	1	31	0	0	0	0	0	5	0	0	0	1	0	1	2	1	1	1.5	2.4	4.33333333333333	4.5	3
400	2	3	0	1	1	1	1	1	28	0	1	0	0	1	6	0	0	0	1	0	1	1	1	1	1	2	4	3	1
401	0	9	5	2	1	1	1	1	19	0	0	0	0	0	7	1	0	0	1	0	1	1	1	1.4	1	1.8	4	4	3
402	8	6	5	1	1	1	1	1	45	0	0	0	0	0	6	0	0	0	1	1	1	1.5	1.5	2.4	2.75	2.8	2.33333333333333	1.5	2.5
403	8	13	2	1	2	1	1	1	29	0	0	0	1	0	1	0	1	0	1	0	1	1.5	2	2.4	2.5	3.2	3.66666666666667	3.5	2.5
404	10	18	11	1	1	1	1	1	37	0	0	0	0	0	6	0	0	0	0	0	1	1.5	1	3.2	3.25	3.4	2.33333333333333	2.5	2.5
405	4	4	3	2	2	1	1	1	19	0	0	0	1	0	2	0	0	0	1	0	1	1	1.5	1.6	1.75	1.4	4	4	2.5
406	7	2	0	1	1	1	1	1	36	0	1	0	0	0	5	0	0	0	1	0	1	1	1	1.6	2.25	2.4	2.66666666666667	3.5	2.5
407	1	7	5	1	2	1	2	2	21	1	0	0	0	0	7	1	0	0	0	0	1	1	1	1.6	2.5	3.2	4	4.5	2.5
408	6	11	7	2	1	1	1	1	28	0	1	0	0	0	1	0	0	0	0	0	1	1	1	2.8	3	3.2	2.66666666666667	3	2
409	6	13	13	1	1	1	1	1	40	0	0	0	0	0	5	0	0	1	0	0	2	2.5	2.5	2.8	3.75	3.6	3.33333333333333	3	2
410	9	8	6	1	1	1	1	1	41	0	0	0	0	0	5	0	0	0	1	1	1	1	1.5	1	1.5	2.4	4.33333333333333	4.5	3
411	10	11	7	2	1	2	2	2	20	1	1	0	0	0	7	1	0	0	1	0	1	1	1	1.6	1	1.6	3.33333333333333	3.5	4.5
412	4	4	5	1	2	1	1	2	23	0	0	0	0	1	4	1	0	0	1	0	1	1	1	1.6	1.25	2.2	4	3	1.5
413	7	3	1	2	1	1	1	1	19	0	1	0	0	0	7	1	0	0	1	0	1	1.5	1	1.4	1	1.6	3	4	3
414	0	0	0	1	1	1	1	1	24	0	0	0	0	1	8	0	0	0	0	0	1	1	1	1.8	1.25	1.8	2.66666666666667	4.5	2.5
415	0	3	0	1	1	1	1	1	37	0	0	0	0	0	5	0	0	0	1	0	1	1	1	2.2	2.5	2.4	3	3	2.5
416	22	18	14	1	1	1	1	1	36	0	0	0	1	0	2	0	1	0	1	1	2	3	2.5	3	3.25	3.6	3	2.5	3
417	8	11	10	1	2	2	1	1	23	0	0	0	0	0	5	0	0	0	1	0	1	1.5	1	2.6	2	2.2	3	2.5	2.5
418	0	4	4	2	2	1	1	1	20	0	0	0	1	0	3	0	0	0	0	0	1	1	1	1.6	1.75	1.4	3.66666666666667	3.5	3
419	2	5	1	1	1	1	1	1	30	0	0	0	1	0	4	0	1	0	0	0	1	1	1	2.2	2.25	3.6	2.33333333333333	2	2
420	6	9	7	1	1	1	1	1	26	0	0	0	1	0	7	0	1	0	1	0	2	2.5	1.5	2.2	2.75	3	3	3	3.5
421	0	0	5	1	2	2	1	1	28	0	0	0	0	0	5	0	0	1	1	0	2	1.5	1.5	1.4	1	1.8	3.66666666666667	5	5
422	6	14	3	2	1	1	1	1	21	0	0	0	0	0	4	0	0	0	1	0	1	1.5	1	1.2	2.25	1.4	3.66666666666667	3.5	3
423	2	7	4	1	1	1	1	1	18	0	0	0	1	0	4	0	0	1	0	0	1	1.5	1	2.2	1	1.4	4	4	4
424	30	18	13	2	1	2	1	1	37	0	0	0	0	0	3	0	0	1	1	1	4	4	4	2.6	2.5	3.6	3.66666666666667	4	2.5
425	9	8	7	2	2	2	2	2	19	0	0	0	0	0	5	1	0	0	1	0	1	2	1	2	1.75	1.8	3.33333333333333	3.5	2.5
426	9	9	7	1	2	1	1	1	46	0	1	0	0	0	3	0	0	0	0	0	2	2	2	2.8	3	2.8	2.66666666666667	2.5	3
427	2	10	7	2	1	1	1	1	19	0	0	0	0	0	6	1	0	0	0	0	1	1	1	3	3	3	3	3	3
428	10	9	7	2	2	1	1	1	34	0	1	0	0	0	6	0	0	0	0	0	3	2.5	3	4	4	4	4	4	4
429	0	0	0	2	1	1	1	1	26	0	1	0	0	1	3	1	0	0	0	0	1	1	1	1	1.75	2.8	1	1	1
430	7	4	4	2	1	1	1	1	33	0	0	0	0	0	4	0	0	0	1	0	1	1	1	1.4	2.25	2.4	4.33333333333333	4	2.5
431	9	13	4	2	2	1	1	1	29	0	0	0	0	0	4	0	0	1	1	0	3	1.5	1.5	1	3	1	4.33333333333333	5	5
432	1	9	14	2	2	1	1	1	31	0	0	0	0	0	7	0	1	0	1	0	1	1	1	1.2	1	1.6	3.66666666666667	4	2.5
433	5	1	1	2	1	1	1	1	24	0	0	0	0	0	7	0	0	0	1	0	1	1	1	1	1	1.8	3.66666666666667	3.5	2.5
434	9	13	18	2	1	1	1	1	30	0	0	0	0	1	6	1	0	0	1	0	1	3	1	2.6	1.75	4	3.66666666666667	4	1
435	8	6	6	1	1	1	1	1	32	0	1	0	0	1	8	0	0	0	0	0	1	1.5	1	2	3	3.6	2.33333333333333	3	2
436	10	25	13	1	1	1	1	1	20	0	1	0	0	0	6	1	0	0	1	0	5	5	5	4.2	5	3.8	3	3.5	5
437	21	19	14	2	2	1	1	1	22	0	0	0	0	0	6	0	0	0	1	0	1	1.5	1	1.2	2.25	2.6	4	3	1
438	4	0	0	1	1	1	1	1	35	0	1	0	0	0	1	0	1	0	0	0	1	1	1	1.8	1	1.4	3	3	2
439	0	0	0	2	1	1	1	1	32	0	1	0	0	0	8	0	0	0	1	0	1	1	1	1.6	1	1.4	4.33333333333333	5	3
440	0	4	1	1	2	1	1	1	32	0	0	0	0	0	6	0	0	0	1	0	1	1	1	2	2.25	2.6	2.66666666666667	3	1.5
441	4	5	7	2	2	2	1	1	21	0	0	0	0	0	5	1	0	0	1	0	3	3	3	1.8	2	2.4	3.66666666666667	4	3
442	19	5	2	2	1	2	1	1	29	0	0	0	0	0	7	0	0	0	0	0	1	1.5	2	1.2	2	1.2	4.33333333333333	5	4
443	10	12	13	1	1	1	1	1	28	0	0	0	0	0	3	0	1	0	1	0	1	1	1	2	3.5	3.8	3	1.5	2
444	9	4	6	1	1	1	1	1	29	0	0	0	0	0	7	0	0	1	1	0	1	1	1.5	1.6	1.25	2.2	4	4.5	3
445	0	0	0	2	1	1	1	1	32	0	0	0	0	0	8	0	0	0	1	0	1	1	1	2.8	2	2.6	4	4	3
446	11	8	7	1	1	1	1	1	27	0	1	0	0	0	4	0	0	0	0	0	1	1	1	3	3.25	3	2.33333333333333	2.5	2.5
447	12	9	7	1	1	1	1	1	39	0	1	0	0	0	7	0	0	0	1	0	1	1	1	3	3	3	3	3	2
448	2	1	0	2	1	1	2	1	24	0	0	0	1	0	5	0	0	0	1	0	1	1	1	1.4	1	1.4	4	4	3
449	0	4	6	1	1	1	1	1	26	0	1	0	0	0	8	0	0	0	0	1	1	1	1	2.6	3	3.4	3	4	3
450	1	0	4	1	1	1	1	1	27	0	0	0	0	0	7	0	0	0	1	0	1	1	1	1.8	2	2.4	3.33333333333333	4.5	3.5
451	6	9	7	1	1	1	1	1	37	0	1	0	0	0	4	0	0	0	0	1	1	1.5	2	1.8	1.25	3.4	4	4.5	4
452	1	10	5	2	1	1	1	1	31	0	0	0	0	0	6	0	0	0	1	0	1	1	1	2	2	2	2	2	2
453	0	2	0	1	1	1	1	1	34	0	0	0	0	0	6	0	0	0	1	1	1	1	1	1	2.25	2.4	3.33333333333333	4.5	2.5
454	8	20	7	2	1	1	1	1	31	0	0	0	1	0	2	0	0	0	1	0	1	1	1	2	1	1.6	4.33333333333333	4	4
455	2	6	2	1	2	1	1	1	20	0	0	0	0	0	3	1	0	0	1	0	1	1	1	2	2.25	2.6	3.66666666666667	4	3
456	0	5	4	1	1	1	1	1	25	0	0	0	0	0	5	0	0	0	0	0	1	1	1	1.8	1	2.6	3.33333333333333	4.5	5
457	1	6	4	1	1	1	1	1	24	0	0	0	0	0	3	0	0	0	0	0	1	1	1	2	2.75	4	4.33333333333333	4	3
458	6	2	1	2	1	2	1	1	20	0	0	0	0	0	7	1	0	0	1	0	1	1	1	1	1	1.6	3.66666666666667	3.5	3
459	7	4	5	2	2	2	1	1	23	0	1	0	0	0	6	0	0	0	0	0	1	2	2.5	3.2	2.5	3.4	3.66666666666667	2.5	2.5
460	15	26	21	1	1	1	1	1	23	0	1	0	1	0	2	0	0	1	0	0	1	1	1	3.8	4	3.2	4	4.5	3.5
461	2	6	7	2	1	1	1	1	26	0	1	0	0	1	7	0	0	0	0	0	1	1	1	2	2	2	2	2	2
462	0	0	0	1	1	2	1	1	34	0	0	0	0	0	5	0	0	0	1	0	2	2	2	1	1	1	1	1	1
463	9	6	2	2	1	1	1	1	39	0	0	0	0	0	4	0	0	1	1	0	1	1	1	1.6	2	1.8	3	3.5	3
464	1	25	19	1	1	1	1	1	33	1	0	0	0	0	5	0	1	0	1	0	1	1	1	2.4	3	2.6	4	2	2
465	27	13	14	2	1	2	1	1	23	0	0	0	0	0	7	1	0	0	0	0	1	1	1	2	1	1.8	3.33333333333333	3.5	3
466	0	0	0	2	1	1	1	1	20	0	0	0	0	0	4	1	0	0	1	0	1	1	1	3	3	3	3	3	3
467	9	5	1	2	1	1	1	1	47	0	0	0	0	0	5	0	0	0	1	0	1	1	1.5	1.6	1.75	2.8	2.66666666666667	3	2
468	5	8	2	2	1	1	1	1	31	0	1	0	0	0	6	0	0	0	1	0	1	1	1	2	2.5	2.4	3.33333333333333	3.5	2
469	5	7	7	1	1	1	1	1	25	0	1	0	0	0	6	0	0	0	0	0	1	1	1	2.8	3.75	4	3	3	2
470	2	1	0	1	1	1	1	1	24	0	1	0	0	1	3	1	0	0	0	0	1	1	1	2.2	2.5	2.6	3.33333333333333	3.5	3
471	6	8	10	1	1	1	1	1	33	0	1	0	0	0	7	0	0	0	0	1	2	2	2	3	3	3	3	3	3
472	12	20	10	1	1	2	1	2	29	0	1	0	0	0	5	0	0	0	0	0	4	3	2.5	3	5	3.8	4	3.5	3
473	13	5	5	2	2	1	1	1	46	0	0	0	0	0	5	0	0	0	1	1	1	1.5	1.5	2	2.25	3	2.33333333333333	2.5	2
474	2	10	1	2	1	1	1	1	18	0	1	0	0	0	5	1	0	0	1	0	1	1.5	1.5	1.4	1.5	3.2	4.33333333333333	5	5
475	1	2	1	1	2	2	1	1	36	0	0	0	0	0	5	0	1	0	1	0	1	2	2	2.8	3	3.2	4	4	3.5
476	2	4	1	1	1	1	1	1	19	0	0	0	0	0	4	1	0	0	1	0	1	1	1	1	2.25	1.6	3.33333333333333	4	3
477	0	0	0	1	1	1	1	1	39	0	0	1	0	0	8	0	0	1	0	0	1	1	1	1.8	2	1.8	5	5	5
478	9	5	2	2	2	1	1	1	29	0	0	0	0	0	6	0	0	0	0	0	1	1	1	1.4	2.5	3	4	3.5	3.5
479	21	14	13	1	1	1	1	1	41	0	0	0	1	0	2	0	1	0	1	0	2	2	2.5	3	3	3	3	3	3
480	0	6	3	2	2	1	1	1	30	0	0	0	0	0	10	0	0	0	1	0	1	1	1	1	1	1.8	5	5	5
481	5	9	7	1	1	1	1	1	35	0	0	0	0	0	5	0	0	0	1	0	1	1.5	1	1.8	2.75	2.8	3.66666666666667	3.5	3
482	7	5	2	2	1	1	1	1	46	0	1	0	0	0	7	0	0	0	1	0	1	1	1	1.8	1.5	1.2	1.66666666666667	1.5	1
483	2	2	0	2	1	1	1	1	29	0	0	0	0	1	6	0	0	0	1	0	1	1	1	1.2	1.75	2	2.33333333333333	2	1
484	4	13	7	1	1	1	1	1	18	0	0	0	1	0	7	1	0	0	1	0	1	1	1	2	1	1.2	5	5	5
485	10	22	12	1	1	1	1	1	32	0	0	0	0	0	3	0	0	0	1	0	1	3	1	2.6	2.75	3.6	4.33333333333333	4	4
486	12	7	7	1	1	1	1	1	18	1	0	0	0	0	4	1	0	0	1	0	1	1	1	1.8	1	1.4	3.66666666666667	3.5	4.5
487	8	23	18	1	2	2	1	1	23	0	0	1	0	0	4	0	1	0	1	0	1	2	2	2.8	2.75	3.2	2.66666666666667	2.5	2.5
488	1	3	1	1	2	1	1	1	36	0	0	0	0	0	6	0	0	0	0	0	1	1	1	2	1	1.8	3.66666666666667	5	3.5
489	7	6	4	1	1	1	1	1	43	0	0	0	0	0	5	0	0	0	0	0	4	2.5	3.5	1	2	3	3	4	3
490	1	3	3	2	1	2	1	1	30	0	0	0	0	0	5	0	1	0	1	0	1	1.5	1	2.2	1.5	2.4	3	3	4
491	23	20	21	2	1	1	1	1	22	1	0	0	0	0	1	1	0	0	1	0	1	1	1	2	3.25	3.2	3.33333333333333	3	2
492	5	7	0	2	2	1	1	1	19	0	0	0	0	0	7	1	0	0	1	0	1	1	1.5	1	1.75	1.8	3.66666666666667	4.5	4
493	5	2	4	2	1	1	1	1	27	0	0	0	1	0	5	0	0	0	1	0	1	1	1	3.4	3.25	2.8	3.66666666666667	3.5	2.5
494	8	3	1	2	1	1	1	1	27	0	0	0	0	0	2	0	0	1	1	0	1	1	1.5	1.4	1.75	2.4	2.66666666666667	3	3
495	4	3	0	2	1	2	1	1	23	0	0	0	0	0	3	0	0	0	1	0	1	1	1	1.6	2	1.8	3.66666666666667	4.5	3.5
496	5	6	1	2	1	1	1	1	26	0	0	0	0	0	5	0	0	0	1	0	1	1	1	1.4	1	1.4	1.66666666666667	2	1
497	0	0	0	2	2	2	1	1	27	0	0	0	0	0	5	0	0	1	1	0	1	1	1	1.8	2	1	5	5	5
498	33	15	13	1	2	1	1	1	22	0	0	0	0	0	8	0	0	0	1	0	1	1	1	3	3	3	3	3	3
499	0	2	0	1	1	1	1	1	44	0	0	0	1	0	8	0	0	0	0	0	1	2	2	1.2	1.75	2.6	2	1	1
500	4	2	2	1	1	1	1	1	30	1	1	0	0	0	7	0	0	0	0	0	1	1	1	1.8	1	1.8	4.33333333333333	4	3
501	1	2	0	2	2	1	1	1	53	0	0	0	1	0	5	0	0	0	0	1	1	1	1	1.4	1.25	2	3.66666666666667	4	3
502	12	15	12	1	2	1	1	1	35	0	0	0	0	0	6	0	0	0	1	0	1	1.5	1.5	2.8	3.75	4	2	1	1
503	0	0	0	1	1	1	1	1	42	0	0	0	0	0	7	0	0	0	0	0	1	1	1	1.8	1	1.4	2.33333333333333	2	3
504	13	7	9	2	2	1	1	1	37	0	1	0	1	0	7	0	0	0	0	1	1	1	1	2.2	2.25	2.8	3.66666666666667	3.5	3
505	11	8	4	2	1	1	1	1	19	1	1	0	0	0	3	1	0	0	1	0	1	1	1.5	1.4	2.5	1	5	5	4
506	0	1	0	2	1	1	1	1	40	0	0	0	1	0	7	0	0	0	1	0	1	1	1.5	1.6	1	1.8	2.66666666666667	3.5	2
507	0	0	0	1	1	1	1	1	28	0	0	0	0	0	6	0	0	0	0	0	1	1	1	1	1	1	1	1	1
508	10	15	5	1	1	1	1	1	19	0	0	0	0	0	1	1	0	0	0	0	1	1	1	2.4	3.25	4.6	4.33333333333333	3.5	2.5
509	13	19	17	1	2	2	1	1	21	0	0	0	0	0	8	1	0	0	1	0	1	1	2	1.4	1	2.4	5	5	5
510	7	4	0	2	1	1	1	1	26	0	0	0	0	0	6	0	0	0	1	0	1	1	1	1	1	1	1.33333333333333	2	1
511	8	4	5	1	1	1	1	1	30	0	0	0	1	0	1	0	0	0	1	0	1	1	1	2	2	3.2	3.33333333333333	3.5	2.5
512	17	11	7	1	1	2	1	1	19	0	0	0	0	0	3	1	0	0	1	0	1	2	1	2	2.75	2.6	4.33333333333333	4.5	4
513	1	3	0	1	1	1	1	1	37	1	1	0	0	0	5	0	0	0	0	0	1	1	1	2.8	2.5	3.2	2	2.5	2
514	0	0	0	1	1	1	1	1	32	0	0	0	0	0	6	0	0	0	0	0	1	1	1.5	3	3	3	4	2.5	2.5
515	12	10	3	1	1	1	1	1	33	0	1	0	0	0	3	0	0	0	1	1	1	1	1	2.6	2.5	3.4	3.33333333333333	3.5	3
516	0	9	5	2	2	2	1	1	29	0	0	0	0	0	6	0	0	0	1	0	1	1	1	2.4	2.75	3	3.66666666666667	2.5	1
517	4	7	7	1	1	1	1	1	32	1	0	0	0	0	6	0	0	1	0	0	1	1.5	1	1.4	2	2.8	3.66666666666667	4	3.5
518	5	10	14	2	1	1	1	1	29	0	0	0	1	0	5	0	0	1	1	0	1	1	1	2.6	1	1.8	3.66666666666667	4	2
519	0	2	1	1	2	2	1	1	36	0	1	0	0	0	8	0	0	1	1	0	1	1	1	1.4	1.5	2.2	3	3	1
520	4	2	1	1	1	1	1	1	24	0	1	0	0	0	5	1	0	0	1	0	1	1	1.5	1.8	1.25	1.4	3.33333333333333	3.5	3
521	1	0	0	2	1	1	1	1	50	0	1	0	0	0	6	0	0	0	0	1	1	1	1	2.8	3	3.2	3	3	3
522	7	7	2	1	1	1	1	1	28	0	1	0	0	0	5	0	0	0	0	0	2	1	1.5	2.8	3.5	3.4	2.33333333333333	2.5	2
523	8	11	9	2	2	2	2	2	18	0	0	0	0	0	6	0	0	1	1	0	2	3	2	1.4	1	1	4.66666666666667	4.5	4
524	8	2	2	2	1	2	2	1	30	0	0	0	0	0	6	0	0	0	1	0	2	3	1	1.8	2	1	5	5	5
525	6	8	5	1	1	1	1	1	35	0	0	0	1	0	2	0	0	0	0	0	1	1	1	3	3	3.2	2.66666666666667	3	3
526	8	7	8	1	1	1	1	1	35	1	0	1	0	0	5	0	0	1	0	0	1	1	1	3	3	3	3.33333333333333	3	3
527	0	13	16	1	1	1	1	1	24	0	1	0	1	0	1	0	1	0	1	1	1	1	1.5	3	2	3	3	3	3
528	0	4	2	2	1	1	1	1	30	0	0	0	0	0	7	0	0	0	0	0	1	1	1	1	1	1.4	5	5	4.5
529	0	0	0	1	1	1	1	1	40	0	0	0	0	0	3	0	1	0	0	1	1	1	1	3	3	3	3	3	3
530	3	4	0	1	1	1	1	1	40	0	0	0	1	0	6	0	0	0	0	0	1	1	1	1	1	3	5	5	5
531	15	9	5	1	2	1	1	1	25	0	0	0	0	0	4	0	0	0	1	0	1	1	2	1.6	1	2.2	4.33333333333333	4	3
532	0	1	1	1	1	1	1	1	22	0	0	0	0	0	6	0	0	0	0	0	1	1	1	2.4	2	2.4	2.66666666666667	3.5	3
533	4	11	11	2	1	1	1	1	43	0	0	0	1	0	3	0	0	0	0	1	1	1	1	2.8	3	3	3	3.5	3.5
534	6	5	4	2	2	1	1	1	31	0	1	0	0	0	6	0	0	0	1	1	1	1	1	1.4	1.75	2.6	2.33333333333333	2.5	1
535	9	10	5	1	2	1	1	1	27	0	0	0	0	0	5	0	0	1	1	0	1	1	1	1.6	2.5	1.6	4	4	4
536	2	4	3	2	1	1	1	1	26	0	1	0	0	0	5	0	0	1	0	0	3	2.5	2	2.2	2	2.4	3	2.5	3
537	0	1	0	1	1	1	1	1	27	0	0	1	1	0	4	0	1	0	0	0	1	1	1	1	1	1	1	1	1
538	5	20	18	1	1	1	1	1	29	0	0	1	1	0	1	0	1	0	1	0	1	1.5	1	3.8	3.5	3.4	3	3	3
539	24	19	20	1	1	1	1	1	31	1	0	0	1	0	3	0	0	0	0	0	2	1.5	1.5	2.6	3.25	3.4	3	3	3
540	3	6	6	2	2	2	1	1	20	0	0	0	0	0	4	1	0	0	1	0	3	2.5	1.5	1	1	1.8	4.66666666666667	4.5	4
541	33	12	18	2	1	1	1	1	28	1	0	0	1	0	3	0	0	0	1	0	1	1	1.5	2.4	2.25	2.6	3	3	3
542	12	9	7	1	1	1	1	1	40	1	1	0	1	0	8	0	0	0	0	0	1	1	1.5	3	3	3	3	3	3
543	16	9	8	1	1	1	1	1	21	0	1	0	1	0	2	1	0	0	1	0	1	1	2	2	2	3.2	3.66666666666667	3.5	2.5
544	8	8	8	2	2	2	1	1	25	0	0	0	0	0	5	0	0	0	1	0	1	1	1	2.2	2.25	2.8	4.33333333333333	3.5	3.5
545	29	10	13	1	1	1	1	1	46	0	1	0	0	1	8	0	0	0	0	1	1	1	1	3.8	4	4.2	1.66666666666667	2	2
546	8	7	7	2	1	1	1	1	27	0	1	0	0	0	5	0	0	0	1	1	1	1	1	2	2.25	2	2	2	2
547	6	2	0	1	1	1	1	1	50	0	1	0	0	0	6	0	0	0	0	0	1	1	1	1	2.5	5	5	5	5
548	5	5	2	2	1	1	1	1	32	0	1	0	0	0	6	0	0	0	1	0	4	3	4.5	1.8	2	3.4	4	3.5	3
549	12	14	19	1	1	1	1	1	27	1	1	0	0	0	6	0	0	0	0	1	1	1	1	3.4	3.5	3.8	3	3	3
550	0	6	4	1	1	1	1	1	40	0	0	0	1	0	5	0	0	0	0	0	1	1	1	1.8	1.75	2.2	4	4	4
551	32	25	21	2	1	1	1	1	22	0	0	0	0	0	5	1	0	0	1	0	5	5	5	5	5	5	5	5	5
552	17	13	7	2	2	1	1	1	27	0	0	0	0	0	4	0	0	0	1	0	1	1	1	1	1	1	5	5	3
553	10	8	4	1	2	1	1	1	27	0	0	0	0	0	5	0	0	0	0	0	2	2	2	2.6	2.25	3.4	3.33333333333333	4	2
554	9	6	7	2	1	1	1	1	19	0	0	0	0	0	5	1	0	0	1	0	1	1.5	1.5	2.6	2.25	2.4	3	3	3
555	4	5	0	2	2	2	1	1	18	1	0	0	0	0	5	1	0	0	1	0	1	1	1	1.8	1	1	5	5	5
556	7	8	6	1	2	1	1	1	33	0	0	0	0	0	6	0	0	0	1	1	2	2	1	2.8	1.75	2.6	3	4.5	3.5
557	2	11	14	1	1	1	1	1	28	0	0	0	0	0	3	0	0	0	0	0	1	1	1.5	3.8	4	4	3	2.5	2
558	12	5	4	1	2	1	1	1	26	0	0	0	0	0	8	0	0	0	0	0	2	2	3	1.8	2.25	2.2	2	3.5	2.5
559	4	4	1	1	1	1	1	1	44	0	0	0	0	0	7	0	0	0	1	0	2	1.5	1.5	1.8	2.5	1.4	3	3	3.5
560	0	4	3	1	1	1	2	1	27	0	1	0	0	0	8	0	0	0	0	0	1	1.5	1	2.2	1.25	1.2	1.66666666666667	2.5	1.5
561	0	3	0	1	1	1	1	1	22	0	0	0	1	0	5	0	0	0	1	0	1	1	1	1	1	2.2	1	4	1
562	9	5	7	1	1	1	1	1	24	0	0	0	0	0	7	0	0	0	0	0	1	1	1	1.8	1.75	1.6	4.33333333333333	4	3
563	3	3	0	2	1	1	1	1	33	0	1	0	0	0	5	0	0	0	1	1	1	1	1	2	2	3	2.33333333333333	3	3
564	10	7	8	1	1	1	1	1	18	0	1	0	1	0	4	1	0	0	0	0	1	1	1.5	3	3.25	3.8	1.66666666666667	3	2
565	1	4	5	1	1	2	1	1	19	0	0	0	1	0	6	0	0	0	1	0	1	1	1	1.4	1.25	1.6	4.33333333333333	4	4
566	12	18	14	2	2	2	1	1	45	1	0	0	0	0	4	0	0	0	1	0	2	1.5	3	2.2	2.75	3.4	3.66666666666667	2	2
567	17	10	9	1	2	1	1	1	31	0	0	0	0	0	3	0	0	1	1	0	2	1.5	3	1.2	1.25	2	3.66666666666667	3.5	2.5
568	0	5	5	2	1	1	1	1	35	0	1	0	0	1	1	0	0	0	0	0	1	1	1	2.8	2.25	2	3.66666666666667	4	4.5
569	6	6	3	1	1	1	1	1	40	0	0	0	0	0	7	0	0	0	0	0	3	1	1.5	1.8	1	2.6	2.33333333333333	3	2
570	6	8	6	2	1	1	1	1	40	0	0	0	0	0	3	0	0	0	0	1	1	1	1	2.8	3	3.8	4	3	2
571	4	5	4	2	2	1	1	1	37	0	0	0	0	0	8	0	0	0	1	0	1	1	1.5	2.4	2	2.2	3	2.5	3
572	13	8	6	2	1	1	1	1	36	0	0	0	0	1	4	0	0	0	1	0	1	1	1	1.6	2.25	2.6	3	3	3
573	0	2	13	1	1	1	1	1	21	0	0	0	0	0	3	1	0	0	0	0	3	3	3	2.4	2.25	3.2	3	3.5	3
574	3	15	17	1	1	1	1	1	31	0	0	0	0	0	3	0	0	0	1	0	1	1.5	1	1	1.75	1	5	5	5
575	8	5	1	1	1	1	1	1	33	0	1	0	0	0	7	0	0	0	1	1	1	2	1.5	2.4	2.75	3.2	2.66666666666667	3	3
576	24	12	11	2	2	2	1	2	21	0	1	0	0	0	1	0	0	1	1	0	2	1.5	2	2.2	2.5	2.8	3.33333333333333	4	4
577	4	5	6	2	1	1	1	1	39	0	1	0	0	1	4	0	0	0	1	1	1	1	1	1.6	1.5	2.2	2.66666666666667	3.5	3.5
578	3	14	5	1	1	1	1	1	39	0	0	0	0	1	6	0	0	0	0	1	1	1.5	1	2	3	3	2.33333333333333	2.5	2
579	16	9	7	1	1	1	1	1	30	0	1	0	0	1	6	0	0	0	0	1	2	2	2	2	2	2	2	2	2
580	0	4	0	2	2	2	2	1	39	0	1	0	0	1	7	0	0	0	1	1	1	1	1	1	1	1	1	1	1
581	0	0	0	2	1	1	1	1	21	0	0	0	0	0	4	1	0	0	1	0	1	1	1	1	1	1	1	1	1
582	1	0	0	1	1	1	1	1	24	0	1	0	0	1	4	1	0	0	0	0	1	1	1	2.4	2.75	2.2	1.66666666666667	3	1
583	0	5	2	2	2	2	1	1	19	0	1	0	0	0	6	1	0	0	0	0	1	1.5	1	2.4	3	2.6	2.33333333333333	3	3
584	0	3	3	2	1	1	1	1	32	0	0	0	0	1	10	0	0	0	1	0	1	1.5	1.5	1	2	1.6	2	1.5	2
585	3	9	7	1	1	1	1	1	18	0	0	0	0	0	4	1	0	0	1	0	1	1	1	1.8	1	1.4	3.66666666666667	4	2.5
586	4	0	4	1	1	1	1	1	23	0	0	0	0	0	8	0	0	0	0	0	1	1	1	2.2	1	1.6	2.33333333333333	2.5	1
587	25	20	11	1	1	1	1	1	37	0	0	0	0	1	6	0	0	0	1	0	1	1	1	3.2	3.25	3.4	3.33333333333333	1.5	1
588	0	0	0	1	1	1	1	1	24	0	0	1	1	0	1	0	1	0	0	0	1	1	1	3	3	3	3	3	3
589	16	6	7	2	1	1	1	1	35	0	0	0	0	0	6	0	0	0	0	0	2	1.5	1.5	1.6	1	2.4	4.33333333333333	4	3
590	1	2	0	1	1	1	1	1	33	0	0	0	0	0	5	0	0	0	0	0	1	1	1	1.8	1	1.4	3	3	2
591	6	13	6	1	1	1	1	1	29	0	0	1	0	0	1	0	1	0	0	0	1	1	1	2.4	2	3	2.66666666666667	3	3
592	8	6	3	2	2	2	1	1	20	0	0	0	0	0	3	1	0	0	1	0	1	1	1	1	1	1	5	5	5
593	0	1	0	1	1	1	1	1	31	0	1	0	0	0	7	0	0	0	0	1	1	1	1	1.4	1.5	2.6	2.33333333333333	4	1
594	3	2	0	2	1	2	1	1	24	0	0	0	0	0	7	0	0	0	1	0	1	1	1.5	1	1	1.4	2.66666666666667	5	2
595	15	9	7	1	1	1	1	1	28	0	0	0	0	0	4	0	0	0	0	0	1	1	1	2	3	2.4	3	3	3
596	3	0	0	1	1	1	1	1	30	0	0	0	0	0	5	0	0	1	0	0	1	1	1	2.2	1	1.6	1	2.5	1
597	0	6	5	1	1	1	1	1	28	0	1	0	0	0	3	0	0	0	0	0	1	1	2	2.2	2.25	2.4	1	1	1
598	0	2	0	1	1	1	1	1	40	0	0	0	0	0	5	0	1	0	0	0	1	1	1	2.4	2.5	2.8	3	2.5	2.5
599	4	4	3	1	1	2	1	1	32	0	0	0	0	0	8	0	0	0	0	0	1	1	1	2.2	2.75	2.8	3.33333333333333	3	3
600	0	9	4	2	2	1	1	1	25	0	0	0	0	0	5	0	1	0	1	0	1	1	1.5	1	1.75	2.2	4	3.5	2.5
601	0	2	2	1	1	1	1	1	19	0	0	0	1	0	6	0	0	0	0	0	1	1	1	3.4	3.25	2.6	3.66666666666667	4	3
602	2	1	1	2	1	2	1	1	27	0	0	0	1	0	6	0	0	0	1	0	1	1.5	1.5	1.8	1	1	4.33333333333333	5	3
603	13	15	19	1	2	1	1	1	36	0	1	0	1	0	1	0	0	0	1	0	1	1	2.5	2.8	3	3.4	3.66666666666667	3.5	2.5
604	3	12	8	1	1	1	1	1	27	0	0	0	0	0	1	0	0	1	0	0	1	1	1	2.6	3.25	3.6	4	3	2
605	0	0	0	2	1	1	1	1	36	0	0	0	0	0	7	0	0	0	1	0	1	1	1	1.4	1.5	1	4	4	3.5
606	18	10	8	2	2	1	1	1	23	0	0	0	0	0	5	1	0	0	1	0	1	1	1	1	1	1.8	3	3	1
607	7	5	5	2	2	2	1	1	32	0	0	0	0	0	7	0	0	0	1	0	1	1.5	2	1.6	2	2.8	4.33333333333333	2.5	2.5
608	19	14	12	2	1	1	1	2	20	0	0	0	0	0	8	1	0	0	0	0	1	1.5	1.5	1	1.25	2.2	4.33333333333333	5	4
609	3	5	2	1	2	1	1	1	20	0	0	0	0	0	6	1	0	0	1	0	1	1	1	1.6	1.25	2.8	4.33333333333333	4.5	3
610	3	7	3	1	1	1	1	1	27	0	0	0	1	0	5	0	0	0	1	0	1	1	1.5	1.4	1	1.8	5	5	5
611	3	9	6	2	2	1	1	1	20	0	0	0	1	0	5	0	1	0	1	0	1	1	1	2.2	2.75	2.6	3	3	3
612	8	9	1	2	2	2	1	1	27	0	0	0	0	0	5	0	0	0	1	0	1	1	1	1.6	1.5	1	5	5	5
613	3	3	0	1	2	1	1	1	34	0	0	0	0	0	5	0	0	0	1	1	1	1	1	1	2.75	2.8	3.66666666666667	3.5	2
614	13	9	7	2	1	1	1	1	27	0	0	0	1	0	5	0	0	1	1	0	2	2	1.5	1	1	1	3.66666666666667	4.5	4
615	7	8	1	1	1	1	1	1	33	0	0	0	0	1	6	0	0	0	0	0	1	1	1	1.2	1.5	1.4	3	3	3
616	3	4	5	1	1	1	1	1	30	0	0	1	0	0	1	0	1	0	0	0	1	1	1.5	2.8	3	3.4	2.66666666666667	2.5	1.5
617	3	4	2	2	1	1	1	1	31	0	0	0	0	0	7	0	0	0	0	0	2	1.5	2.5	3.8	2.75	2.8	3	3.5	3.5
618	0	0	2	2	1	1	1	1	40	0	0	0	0	1	5	0	0	0	1	0	1	1	1	2.2	2	1.4	4	3	3
619	3	2	0	2	1	1	1	1	30	0	0	0	1	0	3	0	0	0	0	0	1	1	1	2.4	3.25	3.2	3.33333333333333	4	4
620	0	0	2	1	1	1	1	1	36	0	0	0	1	0	4	0	0	1	0	1	1	1	1	3.2	3	3.4	3	3	3
621	6	2	0	2	1	1	1	1	56	0	0	0	0	0	3	0	0	1	1	0	1	1.5	2	1	1.5	2.4	4.66666666666667	4.5	3
622	0	0	0	1	1	1	1	1	31	0	0	0	1	0	4	0	0	0	0	0	1	1	1	1	1	1	1	1	1
623	8	19	11	2	1	1	1	1	23	0	0	0	1	0	5	0	0	0	1	0	1	2	2	2.8	3	3	3.33333333333333	3	2
624	1	1	0	1	1	1	1	1	18	0	0	0	1	0	5	0	0	1	0	0	1	1	1	3	3	3	3	3	3
625	7	13	7	1	1	1	1	1	36	0	0	0	0	0	5	0	0	0	1	0	1	1	1	2.2	2.75	2.6	3.33333333333333	4	3
626	0	3	0	2	1	1	1	1	40	0	0	0	0	0	3	0	0	1	1	0	1	1	1	1.2	1	1.8	1	3	1
627	7	17	8	2	2	1	1	1	27	0	0	0	0	0	5	0	0	0	1	0	1	1	1.5	1.4	1.25	1.4	3.33333333333333	4	3
628	19	9	5	2	2	1	1	1	25	0	0	0	0	0	6	0	0	0	1	0	1	1.5	1.5	1.6	2	2	3.33333333333333	3	2.5
629	2	0	0	1	1	1	1	1	35	0	1	0	1	0	2	0	0	1	1	0	1	1	1	1	1	1	1	1	1
630	14	8	7	2	1	1	1	1	32	0	0	0	0	0	6	0	0	0	1	1	1	1	1	2.4	2	2.2	3.33333333333333	4	3
631	7	11	2	1	2	1	1	1	28	0	0	0	0	0	4	0	1	0	0	0	1	2	1	1.6	2.25	2.2	4	3.5	2
632	2	0	2	1	1	1	1	1	40	0	0	0	1	0	3	0	1	0	1	0	1	1	1	1	1	1.8	5	5	5
633	0	0	6	1	1	1	1	1	32	0	1	0	1	0	6	0	0	0	0	1	1	1	1	3.2	2.75	3	2.33333333333333	1	1
634	0	3	1	2	2	2	1	1	19	0	0	0	0	0	7	1	0	0	0	0	1	1	1	1.8	1	1.4	3.66666666666667	4.5	4.5
635	4	1	0	2	1	1	1	1	30	0	0	0	0	0	6	0	0	0	1	0	1	1	1	2.4	2	2.6	2.66666666666667	3.5	2.5
636	2	3	4	2	1	1	1	1	28	0	0	0	0	0	6	0	0	0	0	0	1	1	1	1.2	1	1.8	3.66666666666667	4.5	3
637	0	2	0	1	2	1	1	1	28	0	1	0	1	0	8	0	0	0	0	1	1	1	1	3	3	3	3	3	3
638	0	0	0	2	2	2	1	1	28	0	0	0	1	0	4	0	0	0	1	0	1	1	1	1.4	2	1	5	4	5
639	0	6	1	1	1	2	1	1	24	0	0	0	0	0	5	0	0	1	1	0	1	1	1.5	1.8	1.75	2	4.66666666666667	4.5	4
640	1	2	2	1	2	1	2	1	21	0	1	0	0	0	6	0	0	0	1	0	1	1	1	2.8	2.5	3.4	3.66666666666667	3	2.5
641	3	1	0	2	1	1	1	1	49	0	0	0	0	0	3	0	1	0	1	0	1	1	1	1.8	1.5	1.6	4.66666666666667	5	5
642	0	3	5	1	1	1	1	1	42	1	1	0	0	1	6	0	0	0	1	0	1	1	1	1	1	2.6	4	4.5	2
643	4	6	1	2	1	2	1	1	39	0	0	0	0	1	8	0	0	0	1	0	1	1.5	1	1.2	1.25	1	3.66666666666667	2.5	2.5
644	8	2	0	2	1	1	1	1	36	1	0	0	1	0	7	0	0	0	1	0	1	1	1	1	2	1	5	5	5
645	8	11	9	2	1	1	1	1	21	0	0	0	1	0	4	0	0	0	1	0	1	1	1	2.4	2	2.2	4.33333333333333	4	3.5
646	0	9	10	1	1	1	1	1	28	0	0	0	1	0	5	0	0	0	1	0	1	1	1	3.4	3.5	3.4	2.33333333333333	3	2.5
647	0	0	0	1	1	1	1	1	46	0	0	0	1	0	5	0	0	0	0	0	1	1	1	1.8	2.25	3	4	4	4
648	3	1	0	2	1	1	1	1	32	0	0	0	0	0	5	0	0	0	1	0	1	1	1	1	1	1.6	3.66666666666667	4	3
649	10	10	1	2	1	1	1	1	34	0	1	0	0	0	7	0	0	0	1	0	1	1.5	1	1.4	1.75	2	3	3.5	3
650	22	13	9	1	1	1	1	1	20	0	0	0	0	0	7	0	0	1	1	0	1	1	1	1.4	1.75	2.2	4	4.5	3.5
651	7	3	7	1	1	1	1	1	23	0	1	0	0	0	5	1	0	0	0	0	2	1.5	1.5	2.4	1.25	2.2	4	4	4
652	1	0	0	1	1	2	1	1	36	0	0	0	0	0	5	0	1	0	1	0	1	2	2.5	2.8	1.75	2.6	4	3.5	3
653	3	8	7	1	1	1	1	1	24	0	1	0	0	0	5	0	0	0	1	0	1	1	1	2.4	3.5	3.2	3.33333333333333	3	2.5
654	16	19	15	1	1	1	1	2	33	0	1	0	0	0	3	0	1	0	0	0	2	2	2	3	3	3	3	3	3
655	3	6	0	1	2	1	1	1	29	0	0	0	1	0	3	0	0	0	0	0	1	1	1	1.2	1	1.6	2.33333333333333	2.5	2
656	0	4	0	2	2	2	1	1	21	0	0	0	0	0	6	1	0	0	1	0	1	1	1	1.2	1	2	4.33333333333333	4.5	4
657	4	6	7	1	1	2	1	1	30	0	0	0	1	0	9	0	0	0	1	0	2	2	2	3.4	2	2.6	3	3	3
658	0	5	3	1	1	1	1	1	24	0	1	0	0	0	5	0	0	1	0	0	1	1	1	2.4	1.75	2.8	4.66666666666667	4.5	4
659	8	0	1	2	1	1	1	2	23	0	1	0	0	0	7	1	0	0	1	0	1	1	1	1.6	2	2.2	4.33333333333333	4	4
660	5	7	1	1	2	1	1	2	30	0	0	0	0	1	6	0	0	0	0	0	2	2	1	1.2	1.25	1.6	1	2	1.5
661	4	2	1	1	1	1	1	1	21	0	0	0	0	0	7	1	0	0	1	0	1	1	1.5	1.8	2.25	3	3.66666666666667	3.5	3
662	5	5	4	2	2	2	2	1	25	0	0	0	0	0	7	0	1	0	1	0	1	1	1	1.4	1.75	1.2	5	5	5
663	0	0	0	2	1	1	1	1	20	0	1	0	0	0	10	0	0	0	0	1	1	1	1	3	3	3	3	3	3
664	0	0	0	2	1	1	2	1	31	0	0	0	0	0	9	0	0	0	1	0	4	4	4	4	4	4	4	4	4
665	0	0	0	1	1	1	2	1	19	0	0	0	0	0	3	1	0	0	1	0	3	3	3	3	3	3	3	3	3
666	21	11	11	2	1	1	1	1	26	0	1	0	0	1	5	0	0	0	0	0	1	1	1	1.6	1.5	2.8	3.66666666666667	4	3.5
667	0	0	0	1	1	1	1	1	20	0	0	1	0	0	1	1	0	0	0	0	1	1	1	1	1	1	1	1	1
668	17	6	7	2	1	1	1	1	19	1	1	0	0	0	9	1	0	0	1	0	5	3	5	3.6	4.5	2.6	4.33333333333333	4.5	5
669	1	6	4	1	1	1	1	1	26	1	0	0	0	0	4	0	0	0	1	0	1	1	1.5	2.2	2.25	2.2	3	4.5	3
670	20	23	21	2	1	1	1	1	19	0	0	0	0	0	6	1	0	0	1	0	1	1	1	2.4	2	3.2	3.33333333333333	4	3.5
671	6	7	6	2	1	1	1	1	34	0	1	0	0	0	5	0	0	0	1	1	1	1	1	2.4	2.5	2.2	3	3	3
672	7	15	14	1	1	1	1	1	27	0	0	0	0	0	7	0	0	0	0	1	2	1.5	2	2.6	3	2.8	3	3	3
673	10	3	12	1	2	1	1	1	23	0	0	0	0	0	3	0	1	0	0	0	2	2	2	2.2	2	2.4	3.33333333333333	2	1.5
674	5	6	3	2	2	1	1	1	26	0	0	0	0	1	8	1	0	0	1	0	1	1	1	2	1.75	2.8	3	4.5	2
675	1	7	1	2	1	1	1	1	25	0	0	0	0	1	5	1	0	0	1	0	1	1	1.5	1	1.75	1	4	4	4
676	5	3	0	1	2	1	1	1	22	0	0	0	0	0	7	1	0	0	1	0	1	1	1.5	2	2.5	3.6	2	3	2.5
677	12	10	5	1	1	1	1	1	30	0	0	0	0	1	6	0	0	0	1	0	1	1	1.5	1.4	1.25	2.4	3	3	3
678	3	4	1	1	1	1	1	1	29	0	1	0	1	0	5	0	0	0	0	1	1	1	1	2.4	3.5	3	3	3	3
679	10	4	6	1	1	1	1	1	26	1	0	0	1	0	7	0	0	0	0	0	1	1	1	2	2.25	2	1.66666666666667	3	2.5
680	4	4	2	1	1	1	1	1	21	0	0	0	0	1	6	1	0	0	0	0	1	2	1.5	3	3.5	2.6	3	3.5	3.5
681	0	0	0	1	1	1	1	1	32	0	1	0	0	0	7	0	0	0	1	1	1	1	1	1	1	1	1	1	1
682	3	3	1	1	1	1	1	1	20	0	0	0	0	0	5	1	0	0	1	0	1	1	1	1.6	1.5	2.8	4	3	2.5
683	0	4	2	1	1	1	1	1	31	0	1	0	0	1	8	0	0	0	1	0	1	2	1.5	1.6	1.5	1.8	2	2	1.5
684	8	9	4	1	1	2	1	1	21	0	0	0	1	0	10	0	0	0	1	0	2	2.5	3	4	4	4	4	4	4
685	8	5	4	1	2	1	1	1	31	0	0	0	0	0	5	0	0	0	1	0	1	1	1	1	1	1.8	4.33333333333333	4	3
686	4	3	0	1	1	1	1	1	19	0	0	0	0	0	6	1	0	0	1	0	1	1	1.5	1	1	1.6	2	2	1.5
687	6	5	3	2	2	1	1	2	19	0	0	0	0	0	4	1	0	0	1	0	2	2	2.5	1.6	1.5	2	4.33333333333333	4	3.5
688	0	0	0	1	1	1	1	1	28	0	0	0	1	0	5	0	0	1	0	0	1	1	1	1	1	1	1	1	1
689	2	3	0	2	2	2	1	1	23	0	0	0	0	1	8	1	0	0	1	0	1	1	1	1.8	3.25	3	3	3.5	3
690	6	10	7	1	2	1	1	1	23	0	0	0	0	1	4	1	0	0	1	0	1	1	1	1.2	1	2.4	4.66666666666667	5	2.5
691	0	1	0	1	1	1	1	1	29	0	1	0	0	0	5	0	0	0	0	0	1	1	1	2.2	2	1.8	5	5	5
692	8	16	7	2	2	1	1	1	25	0	1	0	0	0	3	0	1	0	1	0	1	1	1	1	1.5	1	5	5	4.5
693	0	3	9	1	1	2	1	1	19	0	0	0	0	0	4	1	0	0	0	0	1	1	1	1.8	2	2.4	3	3	3
694	1	9	6	1	2	1	1	1	23	0	0	0	0	1	8	1	0	0	1	0	1	1	1	1.4	2.25	2.6	3.66666666666667	3.5	3
695	3	5	2	1	1	1	1	1	36	0	0	0	0	0	5	0	0	1	1	0	1	1	1	3	3.25	3.8	3.33333333333333	3	4
696	4	4	0	2	1	1	1	1	21	0	0	0	0	0	4	1	0	0	1	0	1	1	1	2.4	3	3	4	4	2.5
697	5	3	0	1	1	1	1	1	18	0	0	0	0	0	4	1	0	0	1	0	1	1	1	2.8	3.25	3.2	3.33333333333333	4	3
698	0	4	0	1	1	1	1	1	50	0	1	0	0	0	7	0	1	0	0	1	1	1	1	2.6	2.5	2.6	3	3	3
699	4	0	0	1	1	1	1	1	49	0	0	0	1	0	2	0	0	0	0	0	1	1	1	2.8	3.25	4	3.33333333333333	3	2.5
700	6	0	0	1	1	1	1	1	32	0	0	0	0	0	5	0	0	0	1	0	1	1	1	1.6	1.75	2	3.33333333333333	4	3
701	8	10	4	1	1	1	1	1	36	0	0	0	0	0	6	0	0	0	1	0	2	2	1.5	2.4	2.25	3	3	3.5	3
702	0	0	0	2	1	1	1	1	26	0	1	0	0	1	8	0	0	0	1	0	1	1.5	1	1.8	2	1.4	3	3	2
703	9	7	4	1	1	1	1	1	28	0	0	0	0	1	4	0	0	0	1	0	1	1	1.5	2.4	2.25	3	2.33333333333333	3	2
704	4	13	13	1	2	1	1	1	38	1	0	0	1	0	7	0	0	0	0	0	1	2	2	2.6	3	3	3	2	3
705	10	10	9	1	1	1	1	1	26	0	0	0	0	0	7	0	0	0	0	0	1	1	1	1	1.25	2.4	3.66666666666667	4	3
706	8	16	7	2	1	1	1	1	47	0	0	0	1	0	5	0	1	0	0	0	1	1	1	4.2	5	4.2	3.66666666666667	1	1
707	2	10	8	1	2	1	1	1	32	0	0	0	1	0	4	0	0	0	1	0	1	1	1	1.4	1.5	2.4	3	4.5	4.5
708	2	0	2	1	1	1	1	1	27	0	1	0	0	0	5	0	0	0	0	0	1	1	1	3	3	3	3	3	3
709	2	5	2	1	1	1	1	1	29	0	0	0	0	1	5	0	0	0	0	0	1	1	1	2.2	2	2.8	4	4	2.5
710	0	0	0	2	2	1	1	2	40	0	1	0	0	0	8	0	0	0	1	1	1	1	1	1	2	1.4	2.66666666666667	3	3
711	13	14	15	2	1	1	1	1	35	0	0	0	0	1	6	0	0	0	1	0	2	2	3	2.6	4	3.8	3.33333333333333	3	1.5
712	0	5	6	1	1	1	1	1	29	0	0	0	0	0	5	0	0	0	0	0	1	1	1	2	2.75	2.8	3.33333333333333	2.5	2.5
713	7	3	0	2	2	2	1	1	38	0	0	0	0	1	7	0	0	0	1	0	1	1	1	1	1	1	3.66666666666667	4	4
714	12	8	5	1	1	1	1	1	32	0	0	0	0	0	2	0	0	0	1	0	1	1	1	2	3	3.2	2.66666666666667	2.5	1.5
715	8	5	3	2	1	1	1	1	21	0	0	0	0	0	5	1	0	0	1	0	1	1	1	1.4	2.25	3.2	3.33333333333333	3	2
716	6	4	6	2	2	2	1	1	21	0	0	0	0	0	7	1	0	0	1	0	2	1.5	2	1	1	1.2	5	4.5	5
717	15	15	13	2	2	2	2	2	24	0	0	0	0	1	3	1	0	0	1	0	1	1	1	2	2	2.6	3.33333333333333	4	3.5
718	13	10	6	2	2	1	1	1	23	0	1	0	0	0	5	1	0	0	0	0	1	1	1	2.2	3.5	3	4	4	3
719	12	8	7	2	1	1	1	1	22	0	1	0	0	0	5	0	1	0	1	0	2	2.5	2.5	1.8	2.75	2.4	2.33333333333333	2.5	2.5
720	37	27	21	1	2	1	1	1	26	0	0	0	0	0	4	0	0	0	1	0	2	2	2	3	3.75	3.2	4.33333333333333	4	3.5
721	0	0	0	1	1	1	1	1	22	0	0	0	0	0	8	0	0	0	0	0	1	1	1	1	1	1	1	1	1
722	3	4	1	1	1	1	1	1	29	0	0	1	0	0	4	0	0	0	0	0	1	1	1	1.4	2.25	2.4	1.66666666666667	2	2.5
723	2	1	2	2	1	1	1	1	26	0	0	0	0	0	5	0	0	0	1	0	1	1	1	1.2	1	1.8	4.33333333333333	5	4.5
724	21	10	10	1	1	1	1	1	36	0	0	0	0	0	7	0	0	0	0	0	2	1	1.5	2.6	2.25	4	2.66666666666667	4	3.5
725	0	4	0	2	1	2	1	1	19	0	0	0	0	0	5	1	0	0	1	0	2	2	1.5	1.2	2	2.6	4.33333333333333	3.5	4
726	9	12	7	2	1	1	1	1	31	0	0	0	1	0	3	0	0	0	1	0	1	1	1	2.2	2.25	2.2	2.66666666666667	3.5	2
727	1	3	1	2	2	2	2	1	21	0	0	0	0	0	6	1	0	0	1	0	1	1	1.5	2.2	2.75	2.4	3.33333333333333	3.5	3
728	2	3	2	1	2	2	1	1	20	0	0	0	0	0	5	1	0	0	0	0	1	1	1	2.6	4.25	4	2.33333333333333	3	1.5
729	22	13	10	1	1	1	1	1	33	0	1	0	0	0	3	0	0	0	1	0	1	2	1.5	2.6	3.25	2.6	4	4	3.5
730	18	9	7	1	1	1	1	1	20	0	1	0	0	0	5	1	0	0	0	1	1	1	2	2.8	3.5	2.8	1	1	2.5
731	7	8	4	1	2	2	1	1	29	0	0	0	0	0	6	0	0	1	1	0	1	1	1	1	1.75	1.4	2.66666666666667	2.5	2
732	7	15	8	2	2	2	1	2	20	0	0	0	0	0	5	1	0	0	1	0	1	1.5	1	1.8	2.5	2.4	4.66666666666667	4.5	4
733	5	5	0	2	2	1	1	1	28	0	0	0	0	0	5	0	0	0	1	0	1	1	1	1.4	1.25	2.4	3	3	1.5
734	8	16	14	2	1	1	1	1	27	0	0	0	0	0	5	0	0	0	1	0	3	3	2	1	1.25	2.6	4.33333333333333	3	3
735	0	0	0	2	1	2	1	1	29	0	0	0	1	0	6	0	0	0	1	0	1	1	1	1	1	1.2	4.33333333333333	4	3
736	4	4	1	2	1	1	1	1	58	1	0	0	0	0	7	0	0	1	1	0	1	1	2	2.2	1.5	2.4	5	5	3.5
737	3	2	1	2	1	1	1	1	41	0	0	0	0	0	3	0	0	1	1	0	1	1.5	1	2.2	2	3	3.66666666666667	4	3
738	0	3	0	2	2	2	1	2	44	0	0	0	0	0	6	0	0	0	1	0	1	1	1	2.2	2	2.2	4	4	4
739	7	1	2	2	2	1	1	1	50	0	0	0	1	0	2	0	0	1	1	0	1	1	1	2	1.5	2.2	5	4.5	3.5
740	10	11	14	1	2	1	1	1	34	0	0	0	0	0	7	0	0	0	1	0	1	1	1	1.4	1	1.4	4	4	3
741	3	5	5	2	1	2	1	1	29	0	0	1	0	0	3	0	0	0	1	0	1	1	1	1.8	1	1.6	3.33333333333333	3.5	2.5
742	1	2	6	2	2	2	2	2	33	1	0	1	1	0	4	0	0	0	1	0	1	1	1	1.6	1	1.4	4.33333333333333	3.5	3
743	6	8	7	1	1	2	1	1	29	0	0	0	0	0	6	0	0	0	1	0	1	1.5	1	1.6	2	1.6	3.33333333333333	4	2.5
744	3	15	7	1	1	1	1	1	29	0	1	0	0	0	5	0	0	0	0	0	1	1	1	2	2.25	2.6	4	3.5	3
745	2	3	1	1	1	1	1	1	37	1	0	0	0	0	6	0	1	0	1	1	1	1	1	1.4	1.5	1.8	3	3.5	3
746	4	7	5	2	2	2	1	1	20	0	1	0	0	0	6	1	0	0	1	0	4	2.5	3	2.2	2.75	2.2	3.66666666666667	3.5	2.5
747	0	8	3	2	1	1	1	1	26	0	0	0	0	0	4	0	0	0	1	0	1	1	1	2	2.25	3.6	3	3	5
748	4	3	1	2	2	2	1	1	28	0	0	0	0	0	7	0	0	1	1	0	1	1	1.5	1.2	1.5	2.2	4.66666666666667	5	4.5
749	6	9	0	1	1	1	1	1	34	0	0	0	1	0	1	0	1	0	0	0	1	1	1	2.6	2	1.4	5	5	5
750	5	2	6	2	1	1	1	1	30	0	0	0	0	0	6	0	0	0	0	0	2	1.5	1.5	2	1.5	1.8	2	2	2
751	16	2	1	1	2	1	1	1	29	0	0	0	0	0	5	0	0	0	1	0	1	1.5	1	2	2.25	2.2	3	3	3
752	2	2	0	2	1	2	1	1	33	0	0	0	1	0	5	0	0	0	1	0	1	1	1	2.4	2.25	2.2	2.66666666666667	3.5	3
753	1	0	0	2	2	2	1	1	38	0	0	0	0	0	3	0	0	0	1	0	1	1.5	1	1	1	1.2	4.33333333333333	5	5
754	13	11	9	2	1	1	1	1	33	0	0	0	0	0	5	0	0	0	0	0	1	1	1	1.8	1.5	2.4	4	4.5	4
755	4	0	1	2	2	1	1	1	39	1	0	0	1	0	5	0	0	0	1	0	1	1	1.5	2	1	2.2	4	4	3.5
756	7	11	1	2	2	1	1	1	42	0	0	0	1	0	3	0	0	0	1	0	1	1	1	1.6	1	2.2	2.66666666666667	3	1
757	4	13	7	2	1	2	1	1	19	1	1	0	0	0	3	1	0	0	0	0	1	1	1	1	1	1	1	1	1
758	2	10	8	2	2	1	1	1	24	0	0	0	0	0	6	1	0	0	1	0	1	1.5	1	1.4	1.25	1.6	3.66666666666667	5	4.5
759	5	10	6	1	1	1	1	1	27	0	0	0	0	0	1	0	1	0	0	0	2	1.5	1.5	1.8	1.5	2.8	4	4.5	3.5
760	35	16	11	1	1	2	1	1	30	1	0	0	0	0	5	0	0	0	0	0	1	3	2	3.6	1.75	3.6	2.33333333333333	2.5	2.5
761	4	6	0	2	2	1	1	1	25	0	0	0	0	0	2	0	0	0	1	0	1	1	2.5	1.8	1	1.8	5	5	5
762	14	8	5	1	1	1	1	1	35	0	0	0	0	1	6	0	0	0	0	0	1	1	1	2.6	4	3.4	4.33333333333333	5	5
763	1	9	6	1	1	1	1	1	28	0	0	0	0	0	2	0	0	0	0	0	2	1.5	1	2.4	3.25	3.4	4.33333333333333	3.5	3
764	2	8	5	2	1	1	1	1	32	0	0	0	0	1	6	0	1	0	1	0	1	1	1	1.6	1.75	2	5	5	4
765	0	2	0	2	1	2	1	1	22	0	0	0	0	0	2	1	0	0	1	0	1	1.5	1.5	2.2	1	2.2	4.33333333333333	5	5
766	8	5	3	2	1	1	1	1	32	0	0	0	1	0	5	0	1	0	1	0	2	1.5	1.5	1.4	1	1.8	3	4	1
767	3	2	0	2	1	1	1	1	34	0	0	0	0	1	7	0	0	0	1	0	1	1	1	1.2	1.75	2.6	4.33333333333333	4	3
768	4	14	13	2	2	2	1	1	30	0	0	0	0	1	7	0	0	0	1	1	2	3	2	1.4	2.25	2.4	2.66666666666667	2.5	1
769	20	8	6	2	1	1	1	1	65	0	0	0	1	0	1	0	0	1	1	0	1	1	1.5	2	2	2.8	3.33333333333333	4	3
770	4	7	0	1	1	1	1	1	33	0	1	0	0	0	3	0	0	0	0	1	4	4	4	3.4	3.25	3.6	2.33333333333333	4	2.5
771	12	9	7	1	1	1	1	1	38	1	0	0	0	1	6	0	0	0	1	0	1	2.5	2	3	3.5	3	3.66666666666667	3.5	3
772	2	6	5	2	2	1	1	2	27	0	0	0	0	0	3	0	0	0	1	0	1	1	1.5	1.6	2.5	2.8	4.33333333333333	5	3
773	0	11	15	1	1	1	1	1	27	0	0	0	0	1	7	0	0	0	0	0	1	1	1.5	2.4	4	3.8	3.66666666666667	2	1
774	2	8	7	2	1	1	1	1	51	0	0	0	0	0	6	0	0	0	1	0	1	1	1	2.2	2	2.6	4	4	4
775	1	5	6	2	1	1	1	1	32	0	0	0	1	0	3	0	0	0	1	0	1	1	2	2.4	3.25	3.6	3	3.5	3
776	0	0	0	1	1	1	1	1	35	0	0	0	0	0	7	0	0	0	0	0	1	1	1	1.4	2	3	3	3.5	3
777	17	5	1	2	1	2	1	1	19	0	0	0	0	0	1	1	0	0	1	0	1	1	1	1.2	1.25	1.8	2.66666666666667	2.5	1.5
778	1	3	1	1	1	1	1	1	47	0	1	0	1	0	7	0	0	0	0	0	1	1	1	2.8	3	3.4	3.33333333333333	4	3
779	0	4	1	2	2	1	1	1	34	0	0	0	0	0	6	0	0	0	1	0	1	1	1	1.4	1	1.6	2.66666666666667	2.5	1
780	4	6	6	1	1	1	1	1	31	0	0	0	1	0	2	0	0	0	0	0	1	1	1	2.6	3.25	3	3	3.5	3.5
781	19	12	7	1	1	1	1	1	29	0	0	0	0	0	5	0	0	0	0	0	2	2	3	2.6	3.5	3	3.33333333333333	3.5	4
782	6	17	18	2	1	1	1	1	30	1	0	0	0	0	2	0	1	0	1	0	1	1	1	2.2	2	2.2	3.66666666666667	3.5	1
783	0	3	3	1	1	1	1	1	20	1	0	0	0	0	7	1	0	0	1	0	2	1.5	1.5	3.2	4	3	5	5	5
784	3	16	14	1	2	1	1	1	32	0	0	0	1	0	7	0	0	1	1	0	2	2	1.5	3	2.5	3.2	2.33333333333333	3	3
785	8	6	3	2	2	2	1	1	24	0	0	0	0	1	7	1	0	0	1	0	2	1	1.5	1	1	2	4.66666666666667	5	4
786	7	2	4	1	1	1	1	1	27	0	0	0	0	0	5	0	0	0	0	0	1	1	1	2.4	2	2.6	3.66666666666667	3.5	3
787	0	2	2	1	1	1	1	1	42	0	0	1	0	0	5	0	0	0	1	1	1	1	1	2.2	3.25	3.2	2.33333333333333	3.5	3
788	10	10	7	2	1	2	1	1	23	0	0	0	0	0	5	0	0	1	1	0	1	1	1	1	1	1	2.33333333333333	3	3
789	4	1	0	1	2	2	1	1	22	0	0	1	0	0	3	1	0	0	1	0	1	1	2	1	1	1	1	1	1
790	18	11	9	2	1	1	1	1	20	0	0	0	0	0	5	1	0	0	1	0	1	1	1	3	3	3	3	3	3
791	7	13	10	2	1	1	1	1	44	0	0	0	0	0	6	0	0	0	1	1	1	1	1	1.8	2	2	5	5	4.5
792	6	7	5	2	1	1	1	1	28	0	0	1	1	0	6	0	0	1	0	0	1	2	1	2	2.5	2.6	3	3.5	2
793	0	0	0	1	1	1	1	1	40	0	0	0	0	1	5	0	0	0	1	0	1	1	1.5	1	1	1.8	4.33333333333333	4	3
794	4	8	8	1	1	1	1	1	36	0	1	0	0	0	5	0	0	0	1	1	2	1	1.5	2.2	2.5	3	4.33333333333333	4.5	4
795	15	12	7	2	1	1	1	1	23	0	1	0	0	1	5	1	0	0	1	0	2	2.5	2	3.4	3	3.4	2	1.5	1.5
796	12	11	8	2	1	1	1	2	36	0	0	0	0	0	6	0	0	0	1	1	1	1	1	3.2	3	2.4	3.66666666666667	2	3
797	12	9	4	2	2	2	1	1	18	0	0	0	0	0	5	1	0	0	1	0	1	1.5	1.5	1.4	1.25	2.2	4	4.5	3.5
798	12	12	2	2	1	1	1	1	28	0	1	0	0	0	7	0	0	0	1	0	1	1.5	1	1.8	1.75	2	3	3	2
799	6	14	13	1	1	1	1	1	34	0	1	0	1	0	4	0	0	0	1	0	4	4.5	4.5	2.8	3	3.2	2.33333333333333	2.5	2
800	9	5	0	1	1	1	1	1	25	0	0	1	0	0	7	0	0	0	0	0	1	1	1	2.6	2.5	2.6	3	3	3
801	4	6	1	2	2	2	1	1	21	0	0	0	0	0	6	1	0	0	1	0	1	1	1.5	1.2	2.5	2.4	4.33333333333333	4	1.5
802	2	17	16	1	1	1	1	1	28	0	1	0	0	0	4	0	0	0	0	0	1	1	1	3.2	3	3.8	3	3	1.5
803	7	7	5	1	1	1	1	1	27	0	1	0	0	0	6	0	0	0	0	1	2	2	2	3	2.75	3.4	3.66666666666667	3.5	2.5
804	1	20	10	2	2	1	1	1	27	0	0	0	0	0	3	0	1	0	1	0	1	1	1	1.4	1.5	3.2	4.66666666666667	5	4
805	0	7	3	1	1	1	1	1	21	0	0	0	0	0	5	1	0	0	1	0	2	1.5	2	2	2	2.8	3	3	3
806	0	1	0	1	1	1	1	1	68	0	0	0	0	0	6	0	0	1	1	1	1	1	1.5	2.2	2	2.6	3.66666666666667	4	3
807	12	9	6	2	2	1	1	2	22	0	1	0	0	0	6	0	0	0	1	0	1	1.5	1	2	2.25	2.2	3.66666666666667	4.5	3.5
808	13	12	7	1	2	1	1	1	22	1	1	0	0	0	3	1	0	0	0	0	1	1	1	2.2	2.75	2.8	3	3	3
809	2	2	0	1	1	1	1	1	28	0	0	0	1	0	5	0	0	0	0	0	1	1	1	1	2	2.4	3.66666666666667	5	5
810	11	8	11	1	1	1	1	1	28	0	0	0	0	1	5	0	0	0	0	0	2	2	2	2.4	3	4	3.33333333333333	1.5	2
811	1	0	0	2	2	2	1	1	19	0	0	0	0	0	7	1	0	0	1	0	1	1	1	1	1	1	1	1	1
812	25	18	11	1	1	1	1	1	23	0	0	0	0	0	2	0	0	0	1	0	3	3	2.5	3.4	3.75	4.2	3.66666666666667	2	1
813	14	13	13	2	1	2	1	1	22	0	1	0	0	0	6	1	0	0	1	0	1	1	1.5	2.2	2.75	3.6	3	4	3
814	0	0	0	1	1	2	1	1	26	0	0	0	0	1	6	1	0	0	1	0	1	1	1	1	1	1	1	1	1
815	13	8	7	1	1	1	1	1	26	0	1	0	0	0	3	0	0	0	0	0	2	2.5	2	3.6	4	3.2	3.33333333333333	3	2
816	2	12	19	1	1	1	1	1	49	0	1	0	1	0	3	0	0	0	0	1	1	1	1	3.2	3.25	5	1	2	1
817	5	11	6	2	1	2	1	1	27	1	1	0	0	0	6	0	0	0	0	1	1	1.5	1.5	2.4	2.25	3.6	4	4	3.5
818	8	6	4	2	1	1	1	1	20	0	0	0	0	0	5	1	0	0	1	0	1	1	1	2.2	2.5	2	3.33333333333333	4.5	3.5
819	2	14	8	1	1	1	1	1	38	0	0	0	0	0	1	0	1	0	0	0	2	2	1.5	2	1.5	2.2	3	3	3
820	0	11	2	2	1	1	1	1	32	1	0	0	1	0	7	0	0	0	0	0	1	1	1.5	1	1	1.6	3.66666666666667	3.5	3.5
821	0	1	0	1	1	1	1	1	52	0	1	0	1	0	1	0	0	0	0	1	1	1	1	3.2	3.5	3.4	2.66666666666667	3	3
822	8	9	1	2	1	1	1	1	31	0	0	0	1	0	3	0	0	0	1	0	1	2	1	3	3.5	3.8	4	4	2
823	2	7	7	1	1	1	1	1	37	0	0	0	0	1	6	0	0	0	0	1	1	1	1	2.2	2.25	3	3	3	4
824	61	27	21	1	1	1	1	1	36	0	0	0	0	0	5	0	0	0	1	1	1	1	1	2	2	2	2	2	2
825	18	12	7	2	2	2	1	1	31	0	0	0	0	1	6	0	0	0	1	0	1	1	1	1.4	2.75	3.2	3	3	2.5
826	7	2	2	1	2	1	1	1	23	0	0	0	0	0	3	0	1	0	1	0	1	1	1	2.4	2	3	3.33333333333333	3.5	3
827	12	22	17	1	1	1	1	1	28	0	0	0	0	0	4	0	0	0	0	0	2	1	2	2.4	3.75	3.8	2.66666666666667	2	2
828	0	0	0	1	1	1	1	1	23	0	0	0	0	0	5	0	0	0	0	0	1	1	1	2.2	2	2	2.66666666666667	3.5	4
829	0	0	0	1	1	1	1	1	34	0	1	0	0	1	9	0	0	0	1	0	1	1	1	1.8	2	2	2.66666666666667	3	3
830	0	0	0	1	1	1	1	1	44	0	0	0	1	0	1	0	0	0	1	0	1	1	1	2	2	2	2	2	2
831	11	18	15	2	2	1	1	1	24	0	1	0	0	0	2	0	0	0	0	0	1	1	1	2.8	2.5	3.6	2.33333333333333	3	3
832	3	4	5	1	2	1	1	1	57	0	1	0	1	0	2	0	0	1	0	0	1	1.5	1	2.8	2.5	3.2	2	3.5	2
833	3	3	6	1	1	1	1	1	41	1	0	0	0	0	7	0	0	0	0	0	1	1	1	1.8	1	1.8	3	3	3
834	0	8	1	1	1	1	1	1	22	0	1	0	1	0	7	0	0	0	0	0	1	1	1	2.6	3.5	3.6	1	1	1
835	10	7	5	2	2	1	1	1	26	0	1	0	0	0	7	0	0	0	1	0	1	1	1	2.2	2.75	2.8	3.33333333333333	3.5	2
836	8	7	1	2	2	1	2	1	24	0	0	0	0	0	5	0	0	0	1	0	1	1.5	1	1	1	2	4	4.5	3
837	4	6	2	1	1	1	1	1	26	0	1	0	1	0	7	0	0	0	1	0	1	1	1	1.8	2.5	2.2	4.33333333333333	5	4.5
838	0	0	0	1	1	1	1	1	34	0	1	0	0	1	5	0	0	0	0	1	1	1	1	1	2	1.8	3	4	5
839	0	4	6	2	2	2	1	1	29	0	0	0	0	0	6	0	0	0	1	0	1	1	1	1	1	1	4.33333333333333	3	3
840	0	0	0	2	2	2	1	1	18	0	0	0	0	0	7	1	0	0	1	0	1	1	1	1	1	1	1	1	1
841	1	6	2	2	2	1	1	1	26	0	1	0	0	0	7	0	0	0	0	0	1	1.5	2.5	1.4	1	1.4	2.33333333333333	3	1.5
842	3	2	0	1	1	1	1	1	34	0	1	0	0	0	6	0	0	0	0	1	1	1	1	1	1	1	1	1	1
843	3	2	0	1	1	1	1	1	24	0	1	0	0	0	6	0	0	0	1	0	1	1	1	2	1	1.6	2.66666666666667	3.5	4
844	5	5	0	2	1	2	1	1	36	0	0	0	0	0	4	0	0	0	1	0	1	1	1	1.4	1	1.6	4	4	3
845	0	0	0	2	1	1	1	2	36	0	0	0	1	0	6	0	0	0	1	0	1	1	1	1.8	2.5	1.8	1.66666666666667	2.5	3
846	1	7	3	1	1	1	1	1	30	0	1	0	0	1	5	1	0	0	0	0	1	1	1	2	2	2.8	2.33333333333333	3.5	2.5
847	0	1	0	1	1	1	1	1	55	0	0	0	0	0	6	0	0	0	1	0	1	1.5	1.5	1	1	2.4	3	3.5	3
848	0	0	0	2	1	1	1	1	35	0	1	0	0	0	6	0	0	0	1	0	1	1	1	1.4	1	2.6	3.66666666666667	4	2
849	5	9	5	1	1	2	1	1	21	0	0	0	0	0	4	1	0	0	0	0	2	2.5	2.5	3	3	3	3	3	3
850	0	3	0	2	2	2	1	1	18	0	0	0	0	0	2	1	0	0	1	0	1	1	1	1	1	1	1	1	1
851	0	0	0	2	1	1	1	1	20	0	0	0	0	1	10	0	0	0	0	0	1	1	1	3	3	3	3	3	3
852	12	9	7	1	1	1	1	1	26	0	0	0	0	0	4	0	0	0	0	0	2	2	2	3.6	3.75	3.2	4	4	4
853	10	10	1	2	1	2	1	1	20	0	1	0	0	0	5	1	0	0	0	0	1	1	1	2.4	3	3	2.33333333333333	2.5	2.5
854	2	1	1	1	1	1	1	1	48	0	1	0	1	0	2	0	0	0	0	1	1	1	1	3	3.5	3.4	2.66666666666667	3	2.5
855	0	7	0	1	1	1	1	1	18	0	0	1	0	0	3	1	0	0	0	0	1	1	1.5	3.6	3.25	4	2.33333333333333	2	2
856	11	17	12	2	1	2	1	1	27	0	0	0	0	0	4	0	0	0	1	0	2	2	3	2	3.25	3	2.66666666666667	2	1.5
857	8	4	5	2	2	2	1	2	28	1	0	0	1	0	5	0	0	1	1	0	1	1	1	3	3	3	3	3	3
858	5	7	3	1	1	1	1	1	19	1	1	0	0	0	6	1	0	0	0	1	1	1	1	2.4	3	3.2	3.66666666666667	4	5
859	0	0	0	1	1	1	1	1	33	0	0	0	1	0	3	0	1	0	1	0	2	1.5	1.5	1.8	1	1.8	3.66666666666667	4	5
860	0	0	0	1	1	1	1	1	45	0	1	0	0	0	7	0	0	1	0	0	1	1	1	2	1.75	1.8	3	3	3
861	5	7	3	1	1	1	1	1	37	0	0	0	1	0	3	0	0	0	1	0	1	1	1	2	2	2.6	4.33333333333333	4.5	4
862	2	0	0	2	1	1	1	1	35	0	0	0	0	0	5	0	1	0	1	0	1	1	1	1	1	1.4	4.33333333333333	4	3
863	0	0	1	1	1	1	1	1	35	0	0	0	0	0	4	0	0	0	0	0	1	1	1	2.6	3	3.2	3	3	3
864	9	7	5	2	1	1	1	1	25	0	0	0	0	1	5	0	0	0	1	0	1	1	1	1.2	2	2.2	3.66666666666667	4	3
865	17	8	16	2	1	1	1	1	26	0	0	0	0	1	6	1	0	0	1	0	1	1.5	1.5	2.4	2	2.4	2.66666666666667	3	2.5
866	0	0	0	1	1	1	1	1	20	0	0	0	0	0	6	1	0	0	1	0	1	1	1	2.2	1	1.8	5	5	1
867	6	5	2	2	2	2	1	1	20	0	1	0	0	0	6	1	0	0	1	0	1	1	1	1.4	1	2.6	4.33333333333333	5	5
868	11	6	6	1	1	1	1	1	31	0	0	0	0	1	4	0	0	0	0	0	1	1	1.5	2	2.5	3.2	3.33333333333333	2.5	2
869	4	5	5	1	1	1	1	1	55	0	0	0	1	0	6	0	1	0	0	1	1	1	1	2.2	2.25	2.6	3.33333333333333	4	3
870	2	11	3	2	2	2	1	2	24	0	0	0	0	0	7	1	0	0	1	1	1	1	1	1	1.5	1	2.66666666666667	4.5	3
871	4	4	5	2	2	1	2	1	18	0	0	0	0	0	5	1	0	0	1	0	1	1	1.5	1.6	1.25	2.2	3.66666666666667	4	3.5
872	6	7	3	1	1	1	1	1	26	1	1	0	0	1	5	1	0	0	0	0	1	1	1	2.8	2.75	3	3	3.5	3
873	0	8	11	2	1	1	1	1	32	0	0	0	0	0	8	0	0	1	1	0	1	1	1	1.8	1	2.2	4.33333333333333	3	3.5
874	9	2	0	1	1	1	1	1	43	0	1	0	1	0	3	0	0	0	0	1	1	1	1	1.8	1	1	3.33333333333333	4	2.5
875	18	9	7	1	1	1	1	1	23	0	1	0	0	0	10	0	0	0	0	0	1	1	1	1.6	3.25	2.8	4.33333333333333	4	2
876	0	9	7	1	1	1	1	1	38	0	1	0	0	0	5	0	0	0	0	1	2	2	2	2	2	2	2	2	2
877	3	2	0	1	1	1	1	1	20	0	1	0	0	0	7	1	0	0	0	0	1	1	1	1.4	1.25	2.2	3.33333333333333	3.5	3
878	0	0	0	1	1	1	1	1	33	0	0	0	0	0	3	0	1	0	0	0	2	2	1.5	1.8	1	2.2	2.33333333333333	4	2
879	0	0	0	1	1	2	2	1	35	0	0	0	0	0	6	0	0	0	0	1	2	2	2	3	3	3	3	3	3
880	0	0	0	2	1	1	1	1	30	0	1	0	1	0	4	0	0	0	1	0	1	1	1	1	1	1	1	1	1
881	11	12	1	1	1	1	1	1	35	0	1	0	1	0	3	0	0	0	0	1	4	3.5	2.5	2.8	3.5	2.8	3	3	2.5
882	0	0	0	1	1	2	1	1	25	0	0	0	0	1	6	1	0	0	0	0	1	2.5	2	2.2	3	2	3	3.5	1
883	1	1	0	2	1	1	1	1	18	0	0	0	1	0	6	0	0	0	1	0	1	1	1	1	1	1	1	1	1
884	0	1	0	1	1	1	1	1	32	0	1	0	0	0	3	0	1	0	0	0	1	1	1	3	3	3.4	3	3	3
885	16	9	7	1	1	1	1	1	22	0	0	0	1	0	1	0	0	0	0	0	5	3	5	3.4	4.5	4.2	4.33333333333333	4	3
886	0	6	0	2	1	1	1	1	23	0	0	1	0	0	8	0	0	0	0	0	2	2	2	3	3	3	3	3	3
887	6	3	7	2	2	2	2	2	20	0	0	0	0	0	5	1	0	0	1	0	1	1	1	1	2.25	2.2	4.33333333333333	4	3
888	2	0	0	1	1	1	1	1	40	0	0	0	0	0	6	0	1	0	0	0	1	1	1	1.8	1.5	1.4	3	3	3
889	4	0	0	2	2	2	1	2	21	0	1	0	0	0	9	1	0	0	1	0	1	1	1	1	1	1	1	1	1
890	7	0	0	1	1	1	1	1	30	0	0	1	0	0	1	0	0	0	0	0	1	1	1	1	1	1	1	1	1
891	1	9	7	1	2	1	1	1	23	0	0	0	0	0	5	0	0	0	0	0	2	2	2	2	2	2	2	2	2
892	2	2	1	1	1	1	1	1	25	0	0	0	0	0	5	0	0	0	0	0	1	1	1	1.8	2.25	3.4	4	3.5	3
893	2	0	0	2	1	1	1	1	29	0	1	0	0	0	7	0	0	0	0	0	1	1	1	1	1	1	1	1	1
894	10	6	9	1	1	1	1	1	21	0	0	0	0	0	4	1	0	0	0	0	1	1	1	2	2.25	2.6	3	3	3
895	3	11	8	2	2	2	1	1	30	0	0	0	0	0	5	0	0	0	1	0	2	2	2	1.8	2.25	1.4	3.33333333333333	3.5	4
896	0	0	0	2	1	1	1	1	25	0	1	0	0	1	8	1	0	0	1	0	1	1	1	1	1	1	1	1	1
897	5	3	2	1	1	1	1	1	41	0	1	0	1	0	5	0	0	0	0	1	1	1	1	1	1	1	1	1	1
898	20	6	1	2	2	2	1	1	24	0	1	0	0	1	8	0	0	0	0	1	1	1	1	3.4	5	5	1	1	1
899	2	4	3	2	2	1	1	1	22	0	0	0	0	0	4	1	0	0	1	0	1	1	1	1.8	1	1.6	5	4.5	4
900	1	0	0	1	1	1	1	1	32	0	0	0	0	0	4	0	0	0	0	0	1	1	1	1.8	1.5	1.6	3	4	2.5
901	1	4	0	1	1	1	1	1	28	0	0	0	0	0	6	0	0	0	1	0	1	1	1	1.8	1	1.4	2.66666666666667	3	2
902	13	5	6	1	1	1	1	1	21	0	0	0	0	0	4	1	0	0	0	0	1	1	1.5	1.6	2	2.2	3	3	3
903	12	5	4	2	2	1	1	1	18	0	0	0	0	0	5	1	0	0	1	0	1	1.5	1	1.2	1.5	2	4	3	3
904	2	9	7	2	1	1	1	1	26	0	0	0	1	0	5	0	0	1	0	1	1	1	1	3	3	3	2.66666666666667	3	3
905	6	7	3	1	1	1	1	1	36	0	0	0	1	0	4	0	1	0	0	0	1	1	1.5	2	2	1.8	3	3	3
906	12	8	2	2	1	1	1	1	42	0	0	0	0	0	7	0	0	0	1	0	3	3	2	2.6	2.75	2.6	2	2	2.5
907	5	0	0	1	1	1	1	1	32	0	0	0	1	0	7	0	0	0	0	0	1	1	1	2.8	2.5	3.2	2	2	2.5
908	0	9	8	2	1	1	1	1	31	0	0	0	1	0	6	0	0	0	1	0	1	1.5	1	2	2.25	3.2	3	4	3.5
909	2	1	0	1	1	1	1	1	45	0	0	0	1	0	6	0	0	0	1	0	1	1	1	1.6	2	2.2	3.66666666666667	4	3
910	9	12	8	2	1	1	1	2	23	0	0	0	0	0	5	0	0	0	1	0	2	1	2	2.4	2.75	3.2	3.66666666666667	3	3
911	22	12	9	1	2	1	1	1	35	0	0	0	1	0	6	0	0	0	1	0	4	4	3.5	3	3	3	3	3	3
912	4	1	0	2	1	1	1	1	40	0	0	0	1	0	6	0	1	0	1	0	1	1	1	2.6	2	1.8	5	5	5
913	0	9	7	2	1	1	1	1	21	0	0	0	0	0	5	1	0	0	1	0	1	1	1	2.6	2	2	4	4	3
914	5	16	3	1	2	2	1	1	21	0	0	0	0	0	4	0	0	1	1	0	1	1	1	1.8	2	3.6	2.66666666666667	3	2
915	15	10	8	2	2	1	1	1	27	0	0	0	0	0	2	0	0	0	0	0	1	1	1	3	2.75	3.8	3.33333333333333	3	3
916	4	0	1	1	1	1	1	1	38	0	0	0	1	0	5	0	0	0	1	0	1	1	1	1	1	1	1	1	1
917	0	3	0	1	1	1	1	1	22	0	1	0	0	0	4	0	0	0	0	0	1	1	1	2.6	2	2.4	3	3.5	2.5
918	7	10	5	2	2	2	1	1	27	0	0	0	0	0	6	0	0	0	1	0	1	1.5	1	1	1	1.4	3.66666666666667	3	1.5
919	22	18	14	1	1	2	1	1	29	0	0	0	0	0	4	0	0	0	1	0	1	1	1	2.8	3	3.2	3	2.5	2.5
920	10	6	7	2	2	2	1	1	21	0	0	0	0	0	6	0	0	0	1	0	1	1	1	1	1	1.6	3.66666666666667	3	5
921	21	16	18	2	1	1	1	1	26	0	0	0	0	0	5	0	0	0	1	0	1	1	1.5	1	1.5	2.6	4.66666666666667	4.5	3
922	3	5	2	2	1	1	1	1	21	0	0	0	0	0	3	1	0	0	0	0	2	2	2	2.4	2	2.2	2.33333333333333	3	2
923	8	6	7	1	1	1	1	1	26	1	0	0	0	0	4	0	1	0	0	0	3	1.5	2	3.2	3.5	4.2	2.66666666666667	4	2.5
924	0	0	4	2	1	1	1	1	40	0	0	0	0	1	7	0	0	0	1	0	1	1.5	1	1.8	1	1.4	3.33333333333333	4.5	3.5
925	10	6	4	2	1	1	1	1	28	0	0	0	0	1	5	1	0	0	1	0	1	1.5	1	2	2	2.4	3.33333333333333	3	2
926	3	2	1	1	1	1	1	1	35	0	1	0	0	0	7	0	0	0	0	1	1	1	1	3.2	1	2.6	2.66666666666667	4	3
927	0	18	7	1	2	1	1	1	23	0	0	0	0	1	6	1	0	0	0	0	1	1.5	1.5	1.8	2.75	3.4	4.33333333333333	3	3
928	13	6	4	2	1	1	1	1	20	0	0	0	1	0	3	0	0	0	0	0	1	1	1	1.6	2.5	3.4	3.66666666666667	4.5	3
929	5	26	18	2	2	1	1	1	21	0	0	0	0	0	4	1	0	0	1	0	1	1	1.5	2.2	1.75	3.4	4.33333333333333	4.5	3
930	0	1	0	1	1	1	1	1	35	0	0	0	0	0	6	0	0	0	0	0	1	1	1	2.2	2.25	2.4	3	3	3
931	0	5	2	1	1	1	1	1	30	0	0	0	0	1	5	1	0	0	1	0	1	1	1	1.4	2	2.6	4	4	3
932	2	1	2	2	1	2	1	1	33	0	1	0	1	0	6	0	0	0	1	0	1	1	1	2.2	2	2.8	3	3	3
933	8	7	13	2	2	2	1	1	22	0	0	0	0	0	2	0	1	0	1	0	1	1	2	2.2	1	1	3	3	1
934	2	0	1	2	1	1	1	1	40	0	1	0	0	0	5	0	0	0	0	0	1	1	1	2.2	1.5	1.8	5	5	5
935	2	12	12	1	2	1	1	1	35	0	1	0	1	0	6	0	0	0	1	0	1	1	1	3	3	3	3	3	3
936	13	10	7	2	2	1	1	1	19	0	0	0	0	0	5	1	0	0	1	0	1	1	1	2.2	2.5	2.6	3.33333333333333	4.5	4
937	3	4	1	2	1	1	1	1	31	0	0	0	0	1	5	0	0	0	1	0	1	1	1.5	1.8	1	2.6	4.33333333333333	3	4
938	24	8	8	2	1	2	1	1	19	0	0	0	0	0	3	1	0	0	1	0	1	1.5	1.5	1	1.5	1.4	3	4	3
939	0	5	0	1	1	1	1	1	25	0	1	0	0	0	5	0	0	0	0	0	1	1.5	1	2	2.75	3.2	3.33333333333333	3.5	3
940	0	0	0	2	2	2	1	1	19	0	0	0	0	0	2	1	0	0	1	0	1	1	1	1.4	1	1	4	4.5	2.5
941	0	0	0	1	1	1	1	1	32	0	1	0	0	0	6	0	0	0	1	1	1	1	1	1.6	1	1.8	2.66666666666667	4.5	1
942	0	4	6	2	2	1	1	1	24	0	0	0	0	0	6	0	1	0	1	0	1	1	1	1.4	1	2.6	4.33333333333333	4	3
943	0	0	0	2	2	1	1	1	24	0	0	0	0	1	7	1	0	0	1	0	1	1.5	1.5	2	3.5	3.4	4.33333333333333	3	1
944	12	7	7	2	1	1	1	1	25	0	0	0	0	1	6	1	0	0	1	0	1	2	2	1	1	2.2	5	4	5
945	0	0	0	2	1	1	1	1	52	0	0	0	0	1	7	0	0	1	1	0	1	1	1	1	1	1	2.33333333333333	3	3
946	11	5	2	2	2	2	1	1	32	0	0	0	0	0	6	0	0	0	1	0	2	2	1.5	1	1	1	3.66666666666667	4	3
947	48	26	19	2	2	2	1	1	20	0	0	0	0	0	6	1	0	0	1	0	1	1	2	1	1.75	1.2	5	5	4.5
948	0	0	0	1	1	1	1	1	52	0	0	0	0	0	9	0	0	1	1	0	1	1	1	1.8	2	1	5	5	5
949	5	9	7	2	1	1	1	1	21	0	1	0	0	0	7	1	0	0	1	0	1	1.5	1.5	2.2	1.5	2.6	4.33333333333333	4	3
950	0	0	0	1	1	1	1	1	36	0	1	0	0	0	8	0	0	0	1	1	1	1	1	1	1	1	1	1	1
951	1	0	0	2	2	1	1	1	27	0	0	0	1	0	4	0	0	0	1	0	1	1.5	1	1	1	1	3	4	2
952	7	3	0	2	2	2	1	1	20	0	0	0	0	0	5	0	0	0	1	0	1	1.5	1	1.2	1.25	1.2	3.66666666666667	5	4.5
953	0	6	2	2	1	1	1	1	48	0	0	0	0	1	7	0	0	0	0	1	1	1	1	2.4	2.5	2.6	3.66666666666667	3.5	3
954	0	4	6	1	1	1	1	1	35	0	0	0	0	0	3	0	0	0	1	1	1	1	1	1.2	2.5	2.2	3	3	2.5
955	10	6	5	1	1	1	1	1	18	0	0	0	0	0	5	1	0	0	0	0	1	1	1	2.4	2.5	3.2	3.66666666666667	3.5	3
956	10	9	7	2	2	2	1	1	22	0	0	0	0	0	2	0	0	0	1	0	1	1	1	1	1	1	3.66666666666667	3.5	3
957	6	7	2	1	1	2	1	1	27	0	0	0	0	1	6	0	0	0	1	0	2	2	2	1	2.25	2.6	4	4	4
958	10	4	6	1	1	1	1	1	33	0	1	0	1	0	2	0	0	0	0	1	1	1.5	1.5	3	2.75	3.4	4.33333333333333	3	2.5
959	0	11	7	2	1	2	1	1	32	0	0	0	0	0	7	0	0	1	1	0	1	1.5	1.5	1.6	1.75	2.2	3.33333333333333	3.5	3
960	10	2	1	1	2	1	1	1	27	0	0	0	0	0	4	0	0	0	1	0	1	2.5	2	2.4	3.25	3.4	3.33333333333333	3	2
961	12	6	7	1	2	1	1	1	30	0	0	0	0	0	6	0	0	0	0	0	2	2	2	2.8	3	3	3	3.5	3
962	17	13	12	2	2	1	1	1	25	0	0	0	0	0	5	0	1	0	1	0	1	1.5	1.5	1.4	2	2.4	4	3.5	3
963	0	7	1	1	1	1	1	1	44	1	0	0	1	0	5	0	0	1	0	1	1	1	1	1.6	2	1.8	3.66666666666667	4	4
964	7	7	10	1	1	1	1	1	40	0	1	0	1	0	7	0	1	0	1	0	1	1	3	1.8	1	1.4	4.66666666666667	4.5	2
965	8	11	7	2	1	2	1	1	26	0	0	0	0	0	5	0	0	0	1	0	2	2	2	1.6	1	1.2	3	3	3.5
966	15	21	12	2	1	1	1	1	20	0	0	0	0	0	3	1	0	0	1	0	1	1	1	2	2	2.2	2.66666666666667	2.5	2
967	2	11	10	2	1	2	1	2	19	1	0	0	0	0	7	1	0	0	1	0	1	1	2	1.4	1.25	1.4	4	4	3.5
968	2	4	3	2	1	1	1	1	34	0	0	0	0	0	7	0	0	0	1	0	1	1	1	2	2.25	2.2	4	4	4
969	0	7	6	1	1	1	1	1	20	0	1	0	0	0	10	1	0	0	0	0	1	1	1	3.6	3	3.6	3.66666666666667	1.5	1
970	8	1	0	1	1	1	1	1	35	0	0	0	1	0	6	0	0	0	0	0	2	1.5	1.5	2	2	2	2	2	2
971	0	4	8	2	2	2	1	1	22	0	0	0	0	0	8	1	0	0	1	0	1	1.5	1	2.6	1	1.8	3.66666666666667	5	5
972	14	9	8	1	2	1	1	1	23	0	0	0	0	0	7	0	0	1	0	0	1	1	1	2.2	3	2.8	3.66666666666667	3.5	3
973	3	3	3	1	1	1	1	1	41	0	1	0	0	0	5	0	0	0	0	1	1	1	1	2	2.5	2.8	4.33333333333333	3.5	3
974	4	12	7	1	2	1	1	1	24	1	0	0	1	0	5	0	1	0	1	0	3	2.5	3	2.4	2	2.4	3	3	3
975	6	9	3	1	2	1	1	1	34	1	0	0	0	0	7	0	0	0	1	0	1	1.5	1	1	1	1.6	3	3.5	3
976	0	3	3	1	1	1	1	1	25	0	1	0	0	0	4	0	0	0	1	0	1	1	1	1.8	1	1.6	2.66666666666667	4	3
977	10	9	12	2	1	1	1	1	19	0	0	0	0	0	6	1	0	0	0	0	1	1	1	1.4	1.5	2.8	5	5	5
978	1	4	1	2	1	1	1	1	38	0	0	0	0	0	6	0	0	0	0	0	1	1	1	1	1	1	1	1	1
979	8	2	3	2	1	1	1	1	35	0	0	0	0	1	7	0	0	0	1	0	2	1.5	2.5	1.8	3	2.4	2.66666666666667	3.5	2
980	5	6	0	1	2	1	1	1	26	0	0	0	0	1	9	1	0	0	1	0	1	1	1	1	2	2.6	4.33333333333333	3.5	2.5
981	0	0	0	1	1	1	1	1	52	0	0	0	0	0	5	0	0	1	0	0	3	3	2	3	3	3	3	3	3
982	5	7	3	1	1	1	1	1	27	0	0	0	0	0	6	0	0	0	1	0	1	1.5	1	1.2	1.5	2	4.33333333333333	4	4
983	0	6	0	1	1	2	1	1	20	0	0	0	0	0	4	1	0	0	0	0	1	1	1	2.4	1.25	3.2	4.33333333333333	4	3
984	8	14	4	1	1	1	1	1	28	0	0	0	0	0	5	0	1	0	1	0	1	1.5	1	1.6	2.5	3	4	3	3
985	13	17	14	1	2	1	1	2	25	0	0	0	0	0	6	1	0	0	1	0	2	2	2	2	2.25	2.4	4	4	3.5
986	4	5	2	2	2	2	1	1	31	0	0	0	0	0	7	0	0	0	1	0	1	1.5	1	1	1.5	1.6	4	4.5	3.5
987	12	7	3	2	2	1	1	1	31	0	0	0	0	0	7	0	0	0	1	0	1	2	2	1.6	3.5	3.4	3.66666666666667	2	1
988	15	10	4	1	1	1	1	1	21	0	1	0	0	0	1	0	0	0	1	0	1	1	1	2.4	2.5	2.4	3	3	3
989	4	16	9	1	2	1	1	1	30	0	0	0	0	0	6	0	1	0	0	0	1	1.5	1.5	2	2.75	3.6	4.33333333333333	4	3.5
990	7	8	5	1	2	1	1	1	32	0	0	0	0	0	7	0	0	0	1	0	1	1	1	3.2	2.25	2.4	2.66666666666667	2.5	3
991	2	6	2	2	2	2	1	1	22	0	0	0	0	1	8	1	0	0	1	0	1	1	1	2	2.5	2.8	3	4	1.5
992	2	0	0	1	1	1	1	1	34	0	0	0	1	0	7	0	0	0	0	0	1	1	1	2.8	3	3.2	3.66666666666667	3.5	3
993	0	0	0	1	1	1	1	1	30	0	1	0	0	0	8	0	0	0	0	0	1	1	1	3	3	2.2	3	3	3
994	5	8	6	2	2	1	1	1	21	0	0	0	0	0	7	1	0	0	1	0	1	1	1	1	1	2.6	3.66666666666667	4.5	3
995	0	2	5	2	1	1	1	1	30	0	0	0	0	0	6	0	0	0	1	0	1	1	1	2.6	3.25	3.2	3	3.5	3
996	0	2	0	1	1	1	1	1	33	0	1	0	0	0	10	0	0	0	0	1	1	2	1	1.8	1	1.4	3.33333333333333	4	2
997	4	0	0	1	1	1	1	1	24	0	0	0	0	1	7	0	0	0	1	0	1	1	1	2.6	1	1.8	5	5	4
998	0	4	3	1	2	2	1	1	21	0	0	0	0	0	8	1	0	0	0	0	1	1	1	1	1	1	1	1	1
999	11	12	12	2	2	1	1	1	24	0	0	0	0	0	6	0	1	0	0	0	1	1.5	1.5	2.4	2.5	4.2	2	3	2.5
1000	13	9	7	1	1	1	1	1	33	0	0	0	0	0	5	0	0	1	0	0	1	1	1	2	2	2.2	3.66666666666667	3.5	2
1001	1	4	3	2	1	1	1	1	28	0	0	0	0	0	6	0	0	0	1	0	3	3	2	2.2	1.75	2	2.66666666666667	3	3
1002	5	20	14	1	1	1	1	1	34	1	0	0	1	0	4	0	0	0	0	0	1	1	1	1	1	1.4	3	3	3
1003	6	6	11	2	2	1	1	1	26	0	0	0	0	1	7	0	0	0	1	0	4	1.5	2.5	3.6	4.25	4.2	4	3	3
1004	0	0	0	1	2	1	1	1	22	0	0	0	0	0	5	1	0	0	0	0	1	1	1	1	1	1	1.66666666666667	1	1
1005	4	4	4	2	1	1	1	1	38	0	0	0	1	0	2	0	0	0	1	1	1	1	1.5	1	1	2.4	5	5	5
1006	14	7	7	2	2	2	1	1	19	0	0	0	0	0	6	1	0	0	1	0	1	1	1	1.8	2	2.4	3.33333333333333	4	3
1007	1	5	1	1	1	1	1	1	23	1	1	0	0	0	5	0	1	0	0	1	1	1	1	2	1.5	3.4	2.33333333333333	2	3
1008	0	0	0	1	2	2	1	1	21	0	0	1	0	0	2	1	0	0	0	0	2	2.5	3	2.2	2.75	3	2.33333333333333	3	2.5
1009	3	2	0	1	1	2	1	1	27	0	0	0	0	0	3	0	0	1	0	0	1	1	1	1	1	1.4	3.66666666666667	3.5	3
1010	7	2	6	1	1	1	1	1	35	0	1	0	0	0	3	0	0	0	0	1	1	1	1	2.8	3.25	3.2	2.66666666666667	2.5	2.5
1011	4	4	4	2	1	1	1	1	22	0	1	0	0	0	2	0	0	0	0	0	2	1	1.5	1.8	1.5	2.6	3.66666666666667	3.5	3
1012	7	8	7	2	1	1	1	1	35	0	0	0	0	1	7	0	0	0	0	0	1	1	1	1.8	2	2	3.66666666666667	4	2
1013	0	4	1	1	2	2	1	2	36	0	0	0	0	0	6	0	0	0	1	1	1	1	1	2	3	2.6	3.66666666666667	2.5	1.5
1014	3	8	6	2	2	1	1	2	19	1	0	0	0	0	3	1	0	0	1	0	1	1.5	1.5	1.8	1.5	2.6	4	3.5	3
1015	0	1	0	2	1	1	1	1	30	0	0	0	0	0	5	0	0	0	1	0	1	1	1	2.2	2	2.4	3.33333333333333	3.5	3
1016	5	4	0	2	2	2	1	1	21	0	0	0	0	0	6	1	0	0	1	0	1	1	1	1.4	1	1.8	5	5	5
1017	9	6	6	2	2	2	1	1	26	0	0	0	1	0	5	0	0	0	1	0	2	2	1.5	1.4	2.25	1.8	3.33333333333333	4.5	3.5
1018	1	7	5	1	2	1	1	2	25	0	0	0	0	1	8	1	0	0	1	0	1	1	1	2.2	1.25	2	4.66666666666667	4.5	2.5
1019	0	0	0	2	2	2	1	2	26	0	0	0	0	0	6	0	0	0	0	0	1	1	1	1	1	1	1	1	1
1020	10	5	6	2	1	1	1	1	45	0	1	0	1	0	5	0	0	1	0	1	2	1	1.5	2.4	2.5	3.2	2	3	2
1021	3	1	0	1	1	1	1	1	28	0	0	0	0	1	5	0	0	0	0	0	1	1	1	1	2.5	3.4	2.66666666666667	1.5	4
1022	9	19	13	1	1	1	1	1	32	0	0	0	0	0	3	0	0	0	0	0	3	3	3	3.6	3.5	4.2	3	2	2
1023	0	8	7	2	1	1	1	1	33	0	0	0	0	0	3	0	0	0	1	0	1	1	1	1	1	1	4.33333333333333	4.5	4
1024	11	9	7	2	1	1	1	1	19	0	1	0	0	0	7	1	0	0	1	0	1	1	1	2.8	1.5	2	4	4	3
1025	0	4	1	2	1	1	1	1	37	0	0	0	0	0	6	0	1	0	1	0	1	1	1	1	1	1	1	1	1
1026	1	1	0	2	1	1	1	1	40	0	1	0	0	0	8	0	0	0	1	0	1	1	1	1.4	1	1.4	1	1	1.5
1027	3	10	3	2	1	2	1	1	35	0	0	0	0	0	4	0	1	0	1	0	1	1.5	2	1	1	1	4.33333333333333	4.5	3.5
1028	0	5	7	1	1	1	1	1	32	0	0	0	0	0	6	0	0	0	1	0	1	1	1	2.4	2.5	3	3	3	2
1029	38	23	21	1	1	1	1	1	26	0	0	0	0	0	3	0	0	0	1	0	2	1.5	2	2.4	2.25	1.8	3	3	3
1030	0	0	0	1	1	1	1	1	25	0	0	0	0	0	6	0	0	0	0	0	1	1	1	2.2	1.75	2.2	1	2	2.5
1031	11	13	9	2	2	2	2	1	21	0	0	0	0	0	3	0	0	1	1	0	1	1	1	1.4	1.75	2.8	4.33333333333333	4	3
1032	1	2	0	2	1	1	1	1	34	0	0	0	0	0	5	0	0	0	1	0	1	1	1	1.6	2	2.8	3	3	2.5
1033	47	18	14	1	1	2	1	1	29	0	0	0	0	0	6	0	0	0	1	0	4	2.5	3	2.4	2.5	3	4.33333333333333	4	3
1034	0	0	0	2	1	1	1	1	29	0	0	0	0	0	6	0	0	0	0	0	1	1	1	1	1	1	1	1	1
1035	0	13	15	2	1	1	1	1	23	0	0	0	0	0	1	0	1	0	0	0	1	1	1	3	3.25	4.6	2.33333333333333	1	2
1036	0	0	7	1	2	1	1	1	30	0	0	0	0	0	8	0	0	0	1	0	1	1	1	2.6	1	2.2	3	3	3
1037	6	8	5	2	2	1	2	1	19	0	0	0	1	0	7	0	1	0	1	0	1	2	2	1.4	1.75	1.8	2	1.5	2
1038	4	3	1	1	1	1	1	1	30	0	0	0	0	0	6	0	0	0	0	0	1	1	1	1.4	1.75	3.4	3.33333333333333	2.5	3
1039	0	6	3	1	2	1	1	2	20	0	0	0	0	0	5	1	0	0	1	0	1	1	1	1	1	1	1	1	1
1040	17	15	7	2	2	2	1	1	42	1	0	0	0	0	5	0	0	1	1	0	3	3	3	3	3	3	3	3	3
1041	1	0	0	1	1	1	1	1	29	0	0	0	0	1	5	0	0	0	1	0	1	1	1	1	1	2.2	2.66666666666667	3.5	3
1042	9	9	9	2	1	1	1	1	40	0	0	0	0	1	5	0	0	0	1	0	2	2	1.5	2.4	2.5	2.6	3.33333333333333	4	4
1043	0	0	0	1	1	1	1	1	39	0	0	0	1	0	5	0	0	0	1	1	1	1	1	1	1	1	1	1	1
1044	9	8	7	1	1	1	1	1	39	0	0	0	0	0	8	0	0	0	1	0	1	1	1	2	3.25	3.8	2.66666666666667	4	2.5
1045	2	2	1	2	2	1	1	1	30	1	0	1	0	0	5	0	1	0	1	0	1	1	1	1.2	1.5	2	1.66666666666667	3	2.5
1046	0	8	4	2	1	1	1	1	49	0	1	0	0	0	6	0	0	0	0	0	1	1	1	1	1	1	1.33333333333333	1.5	1
1047	1	3	1	1	1	1	1	1	31	0	0	0	0	0	3	0	0	0	1	0	1	1	1	1.4	1	1.6	3	3.5	4
1048	0	3	0	1	1	1	1	1	42	0	1	0	1	0	6	0	0	0	0	1	1	1	1	3	3	3	3	3	3
1049	13	9	7	2	1	1	1	1	41	0	1	0	0	0	5	0	0	1	1	1	1	1.5	1	3	3.75	3.6	2.66666666666667	2.5	2
1050	6	8	15	2	2	1	1	1	40	0	0	0	0	0	6	0	0	0	1	0	1	1	1	2	2.75	3.4	3	3	2
1051	4	9	5	2	1	1	1	1	33	0	0	0	0	0	6	0	0	0	1	0	1	1.5	1	1.8	2.5	2.4	2.66666666666667	2.5	1.5
1052	18	15	11	2	2	1	1	1	19	0	0	0	0	0	4	1	0	0	1	0	1	1.5	1.5	2	2.75	3.8	4	3.5	1.5
1053	2	3	1	1	1	2	1	1	25	0	0	0	0	0	4	0	1	0	0	0	1	1	1	1.8	1.5	1	4.66666666666667	5	4
1054	1	5	0	2	2	1	1	1	23	0	0	0	0	1	6	1	0	0	1	0	2	1.5	1.5	1.4	1	1.6	4.66666666666667	5	1
1055	6	8	7	2	1	1	1	1	31	0	0	0	0	0	5	0	0	0	1	0	1	1	1.5	1.4	1.75	3.2	4.33333333333333	4	3
1056	1	7	3	2	1	1	1	1	32	0	0	0	0	0	5	0	0	0	1	0	1	1	1	1.8	1.5	1.4	3.33333333333333	3.5	3
1057	10	7	3	1	1	1	1	1	42	0	1	0	1	0	4	0	0	0	1	1	1	1	1	2	2.25	2.8	4.33333333333333	4.5	4
1058	1	19	14	1	2	1	1	1	22	0	0	0	1	0	1	0	0	0	0	0	1	1	1	3	3	3.4	3	3	3
1059	5	6	1	2	1	1	1	1	24	0	0	0	0	0	6	0	0	0	1	0	1	1.5	2	1	1.5	2.4	2.66666666666667	3	3
1060	26	23	18	1	2	2	2	1	19	0	0	0	0	0	5	1	0	0	1	0	1	2	1.5	2	3	1.2	3	3	4
1061	0	0	0	1	1	1	1	1	39	0	0	0	0	0	4	0	1	0	0	0	1	1	1	1.8	2.25	2	4	5	4
1062	18	7	7	2	1	1	1	1	23	0	0	0	0	0	3	0	0	0	1	0	1	1	1	1.8	2.25	2	3.33333333333333	4.5	3
1063	3	6	0	1	1	1	1	1	47	0	0	0	0	0	5	0	0	0	1	0	1	1	1	1.6	1.5	2.8	2.66666666666667	3	3
1064	13	6	5	2	2	1	1	1	38	0	0	0	0	1	5	0	0	0	1	0	1	1	1	2	3	3.2	3.33333333333333	4	3
1065	0	4	2	2	1	1	1	1	31	0	0	0	0	0	7	0	0	0	1	0	1	1	1.5	2.8	3	2.6	3	3	3
1066	2	18	7	2	1	1	1	1	24	0	0	0	0	1	5	1	0	0	1	0	2	2	2	4.2	5	5	2.33333333333333	1	2
1067	8	5	5	1	1	1	1	1	28	1	0	0	1	0	6	0	1	0	1	0	1	1	1	2	2	2.6	3	3.5	3
1068	7	2	1	2	1	1	1	1	39	0	0	0	0	0	7	0	0	0	1	1	1	1	1	1.4	1	2.4	4	4.5	4
1069	2	9	4	1	1	1	1	1	24	0	0	0	0	0	5	0	1	0	0	0	1	2	2	4	3.5	4.6	3	2	1
1070	0	0	0	2	1	1	1	1	28	0	0	0	0	0	5	0	0	0	1	0	1	1	1	1	1.5	1	3.66666666666667	4	3
1071	9	13	9	2	1	1	1	1	43	0	0	0	0	1	6	0	0	0	1	1	1	1	1.5	2.8	3.75	4.4	2.33333333333333	1.5	1.5
1072	0	0	0	1	1	1	1	1	22	0	1	0	1	0	5	0	0	0	0	0	1	1	1	3	3.5	3	3	3	3
1073	8	8	6	1	1	1	1	1	33	0	1	0	0	0	5	0	0	0	0	1	1	1.5	1	2.6	2.5	3.4	3	3.5	3
1074	12	8	7	1	1	1	1	1	31	0	0	0	0	0	6	0	0	0	1	1	3	3	3	2.2	3.25	3.2	3.66666666666667	4	3
1075	0	0	0	1	1	1	1	1	19	0	1	0	0	0	8	1	0	0	0	0	2	1.5	1.5	1.4	1	1.2	1.33333333333333	1.5	1
1076	15	9	7	2	1	1	1	1	38	0	0	0	0	0	8	0	0	0	0	0	1	1.5	1.5	2.8	3	3.2	3	3	3
1077	12	5	0	1	1	1	1	1	18	0	0	0	1	0	4	0	0	0	0	0	1	1	1	2.2	1	2.2	3	3	4
1078	2	3	5	1	1	2	1	1	26	1	1	0	0	1	5	0	1	0	1	0	2	2.5	2.5	3	3	3	3	3	3
1079	0	3	6	1	1	1	1	1	34	0	1	0	0	0	7	0	0	0	0	0	1	1	1.5	2	1	1.6	4.33333333333333	4	1
1080	21	6	6	1	1	2	1	1	25	0	0	0	0	0	3	0	0	0	1	0	1	1	2	3	3.5	3.8	4	3.5	2.5
1081	0	4	3	1	1	1	1	1	30	0	0	0	1	0	5	0	0	0	0	0	1	1	1	3	3.25	3.2	3.33333333333333	3.5	3
1082	2	4	0	1	2	1	1	1	24	0	0	0	0	0	3	0	0	0	1	0	1	2.5	1	1.4	2	2.2	4	4	3.5
1083	13	5	5	2	2	2	1	1	25	0	0	0	0	0	7	0	0	0	1	0	1	1.5	1.5	2.4	3.5	3.6	3.33333333333333	2.5	2
1084	8	7	4	2	2	2	1	1	20	0	0	0	1	0	5	0	0	0	1	0	1	1	1.5	1.8	2.25	2.2	4	3	3
1085	3	0	4	2	2	2	2	2	24	0	0	0	1	0	5	0	0	0	0	1	1	1	1	1	1	1	1	1	1
1086	2	0	0	2	1	2	1	1	26	0	0	0	0	0	5	0	0	1	1	0	1	1	1	1	1	1	1	1	1
1087	3	10	3	2	2	2	2	1	23	0	0	0	0	0	8	0	0	1	1	1	1	1	1.5	2	2.75	2.4	4.33333333333333	3.5	2.5
1088	0	4	0	2	2	2	1	1	25	0	0	0	0	0	5	0	0	0	1	0	1	1	2	1	1.5	1.6	4.33333333333333	5	3
1089	4	5	0	1	1	1	1	1	35	1	1	0	1	0	6	0	0	1	0	0	1	1	1.5	3.8	3.75	3.6	2.33333333333333	2.5	2
1090	12	6	4	2	2	1	1	1	34	0	0	0	0	0	6	0	0	1	1	0	1	1	1.5	2.4	2.5	2	2.66666666666667	1.5	2.5
1091	7	13	6	2	1	2	1	1	32	0	0	0	1	0	5	0	0	1	1	0	1	1.5	1	1.8	1	1	5	5	5
1092	0	0	0	2	1	1	1	1	56	0	0	0	0	0	5	0	0	0	1	0	1	1	1	1.8	1	2.8	3.66666666666667	4	3
1093	1	10	7	1	2	2	1	1	47	0	0	0	0	0	7	0	1	0	0	1	1	1	1	1.4	2.5	3.6	3.33333333333333	3	2.5
1094	3	6	5	1	1	1	1	1	43	0	0	0	0	0	4	0	0	0	0	0	2	3	2	2.8	3	3.4	3	3	2
1095	11	7	8	2	1	1	1	1	46	0	0	0	0	0	6	0	0	1	1	1	1	1	1	2.2	3.25	3	3	3	1.5
1096	11	5	5	1	1	1	1	1	35	0	0	0	0	0	1	0	0	0	1	0	1	1	1	2.2	2.75	2.4	3	4	2.5
1097	7	8	6	1	1	1	1	1	23	0	1	0	0	0	4	0	1	0	0	0	1	1	1	1.8	1	2.4	4	4	4
1098	9	4	0	2	1	1	1	1	31	0	0	0	0	0	5	0	0	0	1	0	1	1	1	1.4	1	1.2	4.66666666666667	4	4
1099	2	2	1	2	1	1	1	1	27	1	0	0	0	0	6	0	0	0	1	0	1	2	1.5	2.6	2	2.4	3.66666666666667	3.5	3
1100	11	7	3	1	1	1	1	1	31	0	0	0	0	0	5	0	0	0	0	0	1	1	1.5	2.2	2	2.6	3.33333333333333	3.5	3.5
1101	11	11	7	1	2	1	1	1	29	0	0	0	1	0	1	0	1	0	1	0	3	2.5	3.5	2.8	2.5	3	3	3	3
1102	7	9	7	1	2	1	1	1	19	0	1	0	0	0	4	1	0	0	1	1	2	2	2	2.8	3	3.2	3.33333333333333	3.5	3
1103	14	8	0	1	1	1	1	1	51	0	0	0	0	0	7	0	0	0	1	0	1	1.5	1	1.2	1.25	1.8	5	4.5	5
1104	1	5	0	2	2	2	1	1	22	0	0	0	0	0	4	0	0	0	0	0	3	3	3	3	3	3	3	3	3
1105	7	1	1	2	2	1	1	1	37	0	1	0	0	0	6	0	0	0	1	0	1	1	1	1	1	1.2	4.33333333333333	4.5	5
1106	2	4	5	1	1	2	1	1	28	0	0	0	0	0	5	0	1	0	1	0	1	1	1	1.4	2	1.4	2.33333333333333	2.5	2
1107	0	6	0	1	2	1	1	1	28	0	0	0	0	0	7	0	0	0	1	0	1	1	1	1	1	1.4	3	4	2.5
1108	11	5	4	2	1	1	1	1	58	0	0	0	0	1	10	0	0	0	0	0	5	3.5	5	3.8	4.5	5	3.66666666666667	2	1
1109	0	4	1	2	2	1	2	1	19	0	0	0	0	0	8	1	0	0	1	0	1	1	1.5	2	1.25	1.2	5	5	5
1110	0	0	1	2	1	1	1	1	26	0	0	0	0	0	9	0	0	0	1	0	1	1	1	1	1	1	1	1	1
1111	3	9	8	2	2	2	1	1	33	0	0	0	0	0	5	0	0	0	1	0	1	1	1	1.8	2.25	1.6	4.66666666666667	4.5	4
1112	9	5	6	1	1	1	1	1	21	0	0	0	0	0	4	1	0	0	0	0	2	1.5	1.5	2.8	2.75	3.6	3.66666666666667	3.5	3
1113	4	10	5	2	1	1	1	1	28	0	0	0	0	0	5	0	0	0	1	0	1	2	1	1.4	2.5	2.8	3.66666666666667	3	2
1114	0	5	5	1	1	1	1	1	26	0	0	0	0	0	3	0	1	0	1	0	1	1	1	2.8	3.25	4	2.66666666666667	3.5	2.5
1115	8	12	13	1	1	1	1	1	38	0	1	0	0	0	6	0	1	0	1	0	3	2	3	2.4	3.25	3.6	4.33333333333333	4	4
1116	0	0	0	1	1	1	1	1	28	1	1	0	0	0	3	0	0	0	0	0	1	1	1.5	1.6	2.75	2.4	2.66666666666667	3	3
1117	6	12	7	2	2	2	1	1	30	0	0	0	0	1	4	0	0	0	1	0	1	1	1	1	1.25	2	4.33333333333333	4	4
1118	13	8	7	1	1	1	1	1	21	0	1	0	0	0	7	0	1	0	1	0	1	1	1.5	3	2	3.4	3.66666666666667	3	1.5
1119	6	10	6	2	1	1	1	1	30	0	0	1	0	0	5	0	0	0	1	0	1	1	1	2.4	2.5	2.4	3.33333333333333	3.5	3
1120	0	0	0	1	1	1	1	1	21	0	0	0	1	0	3	0	0	0	0	0	1	1	1	2.6	2	2	3.66666666666667	3	1
1121	3	6	3	1	1	1	1	1	47	0	0	0	0	0	7	0	0	0	1	0	1	1	1.5	1.2	2.25	2.8	3.33333333333333	2.5	2.5
1122	3	4	0	2	2	1	1	1	21	0	1	0	1	0	6	0	1	0	0	1	1	1	1	2.4	2.25	2	2.66666666666667	3	3
1123	1	1	1	1	1	1	1	1	31	0	0	0	0	0	7	0	0	0	0	0	1	1	1	1.8	1	1.8	2	2.5	2
1124	29	14	13	2	1	1	1	1	31	0	0	0	0	0	2	0	1	0	1	0	1	1	1	2.2	2.25	2.6	3.66666666666667	3	3
1125	7	7	6	1	1	1	1	1	30	0	0	0	0	0	4	0	0	0	0	0	1	1	1	2	2.5	2	3.66666666666667	3	3
1126	18	10	6	2	2	1	1	1	29	0	0	0	1	0	3	0	0	0	1	0	1	1.5	1	2.2	2.5	2.4	3	3	3
1127	3	4	3	2	1	1	1	1	37	0	0	0	1	0	5	0	0	0	1	0	1	1	1	2	2	2	3	3	3
1128	0	1	0	1	1	1	1	1	21	0	0	0	1	0	1	1	0	0	0	0	1	1	2	2.4	4.75	4	3	4.5	2
1129	5	3	2	1	1	1	1	1	25	0	1	0	0	1	8	0	0	0	1	0	1	1	1	1.6	2	2.2	2	1.5	1.5
1130	18	15	14	2	1	1	1	1	29	0	1	0	0	0	1	0	0	0	0	1	4	4	4	2.4	2.25	3.2	4	3	3.5
1131	3	7	6	2	1	1	1	1	31	0	0	0	0	1	5	0	0	0	1	0	1	1	1	1.6	2	2.4	2.33333333333333	1	1
1132	1	6	19	2	1	2	1	1	31	0	0	0	0	0	1	0	1	0	1	0	1	1	1.5	1.2	1	1.8	5	5	5
1133	6	11	10	2	2	1	1	1	42	0	0	0	0	0	1	0	1	0	1	0	2	2.5	2	3.2	3.5	3.6	3	3	3
1134	0	5	5	1	1	1	1	1	29	0	1	0	0	0	8	0	0	0	0	0	1	1	1	1.8	2	1.8	1.66666666666667	2	1
1135	4	2	0	2	1	1	1	1	25	0	0	0	0	1	9	1	0	0	1	0	1	1	1	1	1	1	3.33333333333333	4.5	2.5
1136	0	1	1	1	1	1	1	1	23	0	1	0	0	0	5	0	0	0	1	0	1	1	1	1.6	1.75	1	4	4	4.5
1137	27	17	12	1	1	1	1	1	27	1	1	0	0	1	5	1	0	0	0	0	2	1.5	1.5	3	3.25	3.2	3	3	3
1138	2	6	2	1	1	2	1	1	21	0	1	0	0	0	7	1	0	0	1	0	1	1	1.5	2.4	2.25	3.2	2	2	2
1139	8	1	2	2	1	2	1	1	29	0	0	0	0	0	7	0	0	0	1	0	2	2	2.5	1.4	1.25	1.8	2.33333333333333	1	1
1140	0	0	0	1	1	1	1	1	21	0	0	0	0	0	5	1	0	0	0	0	1	1	1	1	1	1	2.33333333333333	2	2
1141	1	7	3	2	1	1	1	1	32	0	0	0	0	1	8	0	0	0	1	0	2	2	2	3	3	3	3	3	3
1142	1	0	0	1	1	1	1	1	52	0	1	0	0	0	8	0	0	0	1	0	1	1	1	2.6	2	1.8	5	5	5
1143	8	10	7	2	2	1	1	2	20	0	0	0	0	0	6	1	0	0	1	0	3	2	2	1.4	1.75	1.4	4	5	3.5
1144	3	3	2	2	1	1	1	1	35	0	1	0	0	1	8	0	0	0	1	0	1	1	1	2	1	2.6	2.66666666666667	3.5	3
1145	10	9	10	1	1	1	1	1	39	0	0	0	0	0	3	0	0	0	1	1	1	1	1	1.6	2.25	2.2	3.66666666666667	4	4
1146	11	11	3	2	1	2	1	1	27	0	0	0	0	0	8	0	0	0	1	0	1	1	1	1.8	1	1.2	4	4.5	4.5
1147	11	8	3	1	1	1	1	1	28	0	1	0	0	0	5	0	0	0	0	0	2	1	1.5	1.8	1.75	1.6	4.33333333333333	4.5	4
1148	0	2	2	2	1	1	1	1	30	1	1	0	0	0	6	0	1	0	0	1	1	1	1	1.8	1.5	2	3.66666666666667	5	3
1149	4	7	4	1	1	1	1	1	54	0	0	0	1	0	5	0	0	1	1	0	1	1	1	2	2	3.2	3	3.5	3
1150	13	14	12	2	2	1	1	1	25	0	0	0	0	1	6	1	0	0	1	0	1	1	1	2.8	3.25	3	3.33333333333333	2.5	2.5
1151	0	0	0	2	2	1	1	1	24	0	0	0	0	0	1	0	0	0	1	0	2	1.5	1.5	3	3.25	2	2.66666666666667	3	2
1152	0	1	0	1	1	1	1	1	27	0	0	0	0	0	6	0	0	0	1	0	1	1	1	2	2	2.4	2.33333333333333	3.5	2.5
1153	6	8	6	2	2	1	1	1	23	0	0	0	0	0	6	0	1	0	1	0	1	1.5	1	1	1	1.4	4.33333333333333	5	1
1154	3	4	0	1	2	2	1	1	20	0	0	0	0	0	8	1	0	0	0	0	1	1	1	1	1	1	1	1	1
1155	4	9	5	1	1	1	1	1	24	0	0	0	0	0	3	0	1	0	1	0	1	1	1	1.8	1	1.8	3.66666666666667	4	3
1156	0	0	5	2	2	1	1	1	29	0	0	0	0	0	8	0	0	0	0	0	2	2.5	2	3.4	3.5	3.2	3.33333333333333	3	3.5
1157	1	0	0	1	1	1	1	1	29	0	0	0	0	0	5	0	0	0	0	0	1	1	1	1.4	1.5	3.4	4.33333333333333	3.5	5
1158	1	3	3	2	2	1	1	1	27	0	0	0	0	0	4	0	0	0	1	0	1	1	1	1.8	1.5	1.4	4.66666666666667	5	4
1159	6	12	12	1	1	2	1	1	24	0	0	0	1	0	2	0	0	0	0	0	1	1	1	1	1.75	2.6	3	5	3.5
1160	8	8	4	1	2	2	1	1	40	0	0	0	0	0	8	0	0	0	1	0	2	3.5	2.5	1.8	3	1.8	3.33333333333333	2	2
1161	14	10	7	2	1	1	1	1	31	0	0	0	0	0	5	0	0	1	0	0	4	4	4	3	4	3.8	2.33333333333333	3.5	3
1162	2	17	14	1	1	1	1	1	41	1	0	0	0	0	4	0	0	1	0	0	1	1	1	3	3	3	3	3	3
1163	6	3	0	1	2	1	1	1	35	0	0	0	0	1	6	0	0	0	1	0	1	1	1	1	1.25	2.4	4.33333333333333	4	3
1164	2	5	2	1	1	1	1	1	30	0	0	0	0	0	6	0	0	0	1	0	1	1.5	1	2.4	3.25	2.8	3.66666666666667	4	3
1165	5	8	6	1	1	1	1	1	22	0	0	0	0	0	5	0	0	0	0	0	1	1	1	1.2	1.5	1.4	3	4	3
1166	0	0	0	1	1	1	1	1	40	0	0	0	0	0	8	0	0	0	1	0	1	1	1	1	1	1.4	3.66666666666667	5	4.5
1167	4	2	0	1	1	1	1	1	40	0	0	0	0	0	7	0	0	0	0	0	1	1	1	2.4	2	2.2	3	3.5	3.5
1168	0	0	0	1	1	1	1	1	18	0	0	0	1	0	8	1	0	0	1	0	1	1	1	1	1	1	1	1	1
1169	0	0	0	1	1	1	1	1	35	0	0	0	0	0	6	0	0	0	0	0	1	1	1	1.4	1.5	1.4	3.66666666666667	5	4
1170	7	6	4	1	1	1	1	1	27	0	0	0	0	0	7	0	0	0	0	0	1	1	1.5	3.4	3.75	4	4	3	2
1171	0	0	0	1	1	1	1	1	29	0	0	0	0	0	1	0	0	0	1	0	1	1	1	1	1.5	1	3.66666666666667	5	4.5
1172	14	15	12	2	1	1	1	1	28	1	0	0	0	0	3	0	1	0	1	0	2	1.5	2	2.4	2.75	3.2	4.33333333333333	4	3.5
1173	13	15	9	2	1	1	1	1	23	0	0	1	0	0	3	0	0	0	1	0	3	2.5	3	2.4	2.5	3	3.66666666666667	4	4.5
1174	16	17	18	1	2	1	1	1	19	0	0	0	1	0	3	0	1	0	1	0	2	1.5	2.5	1.6	3	3	4.33333333333333	4.5	3
1175	3	9	1	2	1	1	1	1	30	0	0	0	0	0	2	0	0	0	0	0	1	1	1.5	1.4	1	1.8	1.33333333333333	3	1
1176	2	8	5	2	1	1	1	1	27	0	0	0	0	0	2	0	1	0	1	0	1	1	1	2.2	2.5	3	3	2.5	2.5
1177	0	1	1	1	1	1	1	1	30	0	0	0	0	0	6	0	0	0	0	0	1	1.5	1	1.4	1.5	3.4	4.33333333333333	3.5	3.5
1178	3	4	6	2	1	1	1	1	26	0	0	0	0	0	6	0	0	0	1	0	4	1	3	2.6	2.75	4	2.66666666666667	3	2.5
1179	5	8	7	1	1	1	1	1	18	0	0	0	1	0	5	1	0	0	0	0	1	1	1.5	2.4	2.25	2.8	3.33333333333333	3.5	3.5
1180	4	1	2	2	1	1	1	1	30	0	0	0	0	0	6	0	0	0	1	0	2	1.5	2	1.8	2	2.4	3	3.5	3
1181	6	0	0	1	2	1	1	2	27	0	1	0	0	1	7	0	0	0	1	1	3	3	3	3	3	3	3	3	3
1182	4	8	9	2	2	1	1	1	30	0	0	0	0	0	6	0	0	0	1	0	2	1	1	1.2	1	2.2	4	4.5	4
1183	6	3	0	1	1	1	1	1	29	0	1	0	0	1	2	0	0	0	0	0	1	1	1	2	2	2	2	2	2
1184	0	0	0	2	2	2	1	1	22	0	0	0	0	0	5	1	0	0	1	0	1	1	1.5	1	1	1	4	4	2
1185	0	0	0	1	1	1	1	1	27	0	0	0	0	0	5	0	1	0	1	0	1	1	1	3	3	3	3	3	3
1186	0	8	8	2	1	1	1	1	24	0	0	0	0	0	3	0	1	0	1	0	1	1	1	2	2	1.4	3.33333333333333	4	4.5
1187	0	10	7	2	2	2	1	1	22	0	0	0	0	0	4	0	0	1	1	0	1	1	1	1	1.25	1	2.33333333333333	3.5	2
1188	5	0	1	1	1	1	1	1	39	0	0	0	1	0	2	0	0	1	0	0	2	1.5	1.5	3	3	3.2	2.66666666666667	3	2.5
1189	9	7	5	2	1	1	1	1	25	0	1	0	0	0	3	0	1	0	1	0	1	1	1	2.8	2	2.4	4.33333333333333	4	3
1190	11	17	2	2	1	1	1	1	30	0	0	0	0	0	2	0	0	0	1	0	3	3	3	2.6	2.5	3.4	3	3	3
1191	4	14	14	2	1	1	1	1	32	0	0	0	0	0	2	0	1	0	1	0	2	2.5	2.5	1.4	3.5	1.6	3.33333333333333	4	2.5
1192	17	12	7	1	1	1	1	1	33	1	0	0	0	0	3	0	0	0	0	0	1	1	1	3	3	3	3	3	3
1193	8	4	6	1	1	1	1	1	46	0	1	0	1	0	5	0	0	0	0	1	3	3	3.5	2.4	2	1.8	3	2.5	2
1194	14	13	6	1	2	1	1	1	19	0	0	0	0	0	3	1	0	0	1	0	1	1	1	2.6	1.75	1.2	4.33333333333333	4	4
1195	0	9	7	2	1	1	1	1	23	0	0	0	0	1	6	1	0	0	1	0	1	1	1	2.4	2.5	3.6	3.66666666666667	3	1
1196	0	0	1	1	2	1	1	1	27	0	1	0	0	0	6	0	0	0	1	0	1	1	1	1.8	1	1.6	3	3	3
1197	21	22	17	1	1	1	2	1	18	0	0	0	0	0	1	1	0	0	1	0	5	5	5	5	5	5	5	5	5
1198	0	0	0	1	1	1	1	1	31	0	1	0	0	0	4	0	0	0	1	0	1	1	1	1.4	1	1.4	4.33333333333333	4	3
1199	4	0	0	1	1	1	1	2	19	1	0	0	1	0	9	0	0	0	1	0	1	1	1	1	1	1	1	1	1
1200	10	19	14	2	2	1	2	2	21	0	0	0	0	0	7	1	0	0	1	0	1	1.5	2.5	1.8	1.75	2.4	4.33333333333333	3.5	2.5
1201	15	8	4	2	1	1	1	1	28	0	1	0	0	0	1	0	0	0	1	0	1	1	1	2	2	2	3	2.5	2.5
1202	5	11	12	1	1	1	1	1	34	0	0	0	0	1	7	0	0	0	0	0	1	1	1	2.4	3	2.4	3.33333333333333	2	2
1203	3	1	1	2	1	2	1	1	40	0	0	0	0	0	8	0	0	0	1	0	1	1	1	1	1	1.4	3.33333333333333	4.5	4
1204	1	3	0	2	2	1	1	1	33	0	1	0	0	0	8	0	0	0	0	1	2	1.5	1.5	1	1	1	1	1	1
1205	2	14	8	2	2	2	1	1	30	0	0	0	0	0	3	0	0	0	1	0	1	1.5	1	2.6	1	2	5	4.5	5
1206	0	3	1	1	1	1	1	1	25	0	0	0	0	0	8	0	0	0	0	0	1	1	1	1.8	1.75	2.6	3.33333333333333	3.5	3
1207	1	2	0	1	1	1	1	1	18	0	0	0	1	0	5	1	0	0	0	0	1	1	1	1.4	1	1	3	3.5	1.5
1208	9	18	15	1	1	1	1	1	23	0	0	0	0	0	3	0	0	0	1	0	1	1	1.5	1.4	1	3.6	3.33333333333333	3.5	2
1209	0	0	0	1	2	1	1	1	23	0	1	0	0	0	8	0	0	0	0	0	1	1	1	1	1	1	1	1	1
1210	0	0	0	1	1	1	1	1	21	0	0	0	0	0	8	1	0	0	0	0	1	1	1	2.8	2.75	3.4	3	3	3
1211	3	7	6	2	2	2	1	1	25	0	0	0	0	1	4	0	0	0	1	0	1	1	1	1.4	1.5	1.6	4.33333333333333	4	4.5
1212	0	3	4	1	2	1	1	1	22	0	0	0	0	0	3	0	0	0	1	0	1	1	1	1.4	1	1.4	4.33333333333333	5	5
1213	6	2	1	2	2	2	1	1	32	0	1	0	0	0	5	0	0	0	1	0	1	1	1	1.2	1.5	1.6	3.33333333333333	4.5	3.5
1214	0	0	0	1	1	1	2	1	23	0	0	0	0	0	10	0	0	0	0	0	1	1	1	1	1	1	1	1	1
1215	5	10	8	2	2	1	1	1	19	1	0	0	0	0	7	1	0	0	1	0	2	2	2	2.6	2.25	2.6	3.66666666666667	4	3
1216	2	1	0	2	2	2	1	1	22	0	0	0	0	0	7	0	0	0	0	0	1	1	1	1.8	1.75	1.2	4.33333333333333	4.5	3.5
1217	14	13	10	1	1	1	1	1	30	0	1	0	0	1	6	0	0	0	0	0	2	3.5	3.5	3.6	2.75	2.6	2	4	3.5
1218	1	0	0	1	1	1	1	1	23	0	0	0	0	0	8	0	0	0	0	0	1	1	1	1.8	1.5	1.4	1.66666666666667	1.5	1
1219	2	12	11	1	1	1	1	1	24	0	0	0	0	0	5	0	0	0	0	1	3	3	3	3	3	3	3	3	3
1220	0	12	14	1	2	1	1	1	29	0	0	0	0	0	2	0	1	0	0	0	1	1	1	2	2	2.2	2.66666666666667	3	2.5
1221	0	0	4	1	2	2	1	1	25	0	0	0	0	0	4	0	0	0	1	0	2	2.5	2.5	1.6	1.75	1.8	2	2	2.5
1222	16	12	8	2	2	2	2	2	18	0	0	0	0	0	6	1	0	0	1	0	3	2	2	2.8	2.25	1.8	4.33333333333333	4	3
1223	0	0	0	1	1	1	1	1	50	1	0	0	1	0	5	0	0	0	1	1	1	1	1	1	1	1	1	1	1
1224	19	18	14	1	1	1	1	1	22	0	1	0	0	0	5	0	0	0	0	0	1	1	1	3.4	2.75	2.4	2	3	2
1225	17	21	16	2	1	1	1	1	24	0	0	0	0	0	2	0	1	0	1	0	1	1	1	2.4	3	2.8	3	3	3
1226	7	8	1	2	1	1	1	1	31	0	0	0	0	0	1	0	0	0	1	0	1	1	1	1.8	1	1	4.33333333333333	4.5	4.5
1227	0	0	0	2	2	2	1	1	26	0	0	0	1	0	10	0	1	0	0	0	1	1	1	1	1	1	1	1	1
1228	11	4	2	1	1	1	1	1	24	0	0	0	0	1	7	1	0	0	1	0	1	1	1	1.4	1	1	4	3.5	2.5
1229	35	17	16	1	2	2	1	1	31	0	0	0	0	0	3	0	0	0	1	0	3	1.5	2	1.8	2.5	2.8	4.66666666666667	4	3
1230	5	8	9	1	1	1	1	1	18	0	1	0	1	0	4	1	0	0	1	0	1	1	1	2.4	2	2.6	3	3	3
1231	11	3	1	2	2	1	1	1	29	0	0	0	0	0	6	0	0	0	1	0	1	1	1	1	1	1.8	5	5	4.5
1232	0	9	6	2	1	1	1	1	47	0	0	0	0	0	5	0	0	0	1	0	1	1	1	3.4	3.25	3.8	2.33333333333333	3	1
1233	14	12	21	1	1	1	1	1	33	0	0	1	1	0	7	0	0	0	0	0	4	2.5	4.5	4	4.25	3.4	3	4	4
1234	3	11	3	1	1	1	1	1	24	0	0	0	0	0	1	0	0	0	0	0	1	1	1	2.4	2	2.6	3	4	4
1235	10	7	4	1	1	1	1	1	46	0	0	0	1	0	5	0	0	0	0	1	2	1	1.5	2.4	3	3.6	2.66666666666667	3	3
1236	0	0	0	2	2	1	1	1	23	0	1	0	0	1	9	1	0	0	0	0	1	1	1	1	1	1	1	1	1
1237	0	0	0	1	1	1	1	1	34	0	1	0	0	0	6	0	1	0	0	0	1	1	1	3	3	3	3	3	3
1238	0	3	0	2	1	1	1	1	18	0	0	0	0	0	5	1	0	0	1	0	1	1	1	1.8	2	2.6	3.33333333333333	4	2.5
1239	0	2	0	2	1	2	1	1	30	0	0	0	0	0	5	0	0	0	1	0	2	2	1.5	1	2.25	1	4.66666666666667	5	4
1240	0	0	0	1	2	1	1	1	44	0	1	0	1	0	1	0	1	0	1	0	1	1	1	1	1	1	1	1	1
1241	1	7	7	1	1	1	1	1	37	0	1	0	0	0	6	0	0	0	0	1	1	1	1	3	3	2.6	3	3	3
1242	0	9	3	2	2	1	1	1	30	0	0	0	0	0	5	0	0	0	1	0	4	3.5	3.5	3.2	3.75	3.2	3.33333333333333	4	4
1243	11	11	8	1	1	1	1	1	24	0	0	0	0	0	1	0	0	0	0	0	1	1	1	1	1.75	1.6	3.66666666666667	4	3.5
1244	2	0	0	1	2	1	1	1	28	0	0	0	0	0	3	0	0	0	1	0	1	1	1	1.8	1.5	1	3.66666666666667	4	3
1245	1	14	14	1	1	1	1	1	32	0	0	0	1	0	6	0	0	0	1	0	1	1	1	1	1	1	1	1	1
1246	6	0	0	2	2	1	1	1	23	0	0	0	0	1	4	1	0	0	1	0	1	1.5	1.5	1	1	2	5	4.5	4.5
1247	2	1	1	2	2	1	2	2	24	0	0	0	0	1	5	0	0	1	1	0	1	1.5	1.5	2.4	2.75	3	3.33333333333333	4	3
1248	0	4	0	1	1	1	1	1	30	0	0	0	0	0	5	0	0	0	0	0	1	1	1	1.8	2	2.6	3.66666666666667	4	3.5
1249	3	6	1	2	2	2	1	1	24	0	1	0	0	0	5	0	0	0	1	0	1	1	2	1.8	2.5	2.2	3.33333333333333	3.5	2.5
1250	2	1	0	2	1	1	1	1	39	0	0	0	0	0	7	0	0	0	1	0	1	1	1	1	1	1.8	4	4.5	2.5
1251	4	15	11	2	1	1	1	1	30	0	0	0	1	0	1	0	0	0	1	0	1	1	1	2	2	2.2	3.33333333333333	3.5	3
1252	0	7	7	1	2	1	1	1	22	0	1	0	0	0	3	0	0	0	1	0	1	1.5	2	1	1.5	1.4	4.33333333333333	5	2
1253	1	0	0	2	2	2	1	1	32	1	1	0	0	0	7	0	0	0	0	1	1	1	1	2.6	2.5	2.4	3	2	2.5
1254	19	18	15	1	1	1	1	1	32	1	0	0	0	0	5	0	1	0	1	0	1	1.5	1	1.6	2	3.8	4	4	3
1255	2	4	0	1	1	1	1	1	38	0	0	0	0	0	1	0	0	0	0	0	2	1.5	1.5	2	2.25	3	2.66666666666667	3.5	1.5
1256	1	1	0	2	1	1	1	1	30	0	0	0	0	0	7	0	0	0	1	0	1	1	1	1	1	1	1	1	1
1257	4	2	0	1	1	1	1	1	31	0	0	0	0	0	3	0	0	0	0	1	1	1	1	1.4	1.25	2.2	3	3.5	3
1258	1	0	0	1	1	1	1	1	32	0	0	0	0	0	6	0	0	0	1	0	4	3.5	2.5	2.4	2.5	1.6	2.66666666666667	3.5	2
1259	2	2	1	2	2	1	1	1	26	0	0	0	0	0	1	0	1	0	1	0	1	1	1	1.2	1.75	2.4	4	5	3
1260	0	0	0	2	2	1	1	1	18	0	1	0	1	0	6	1	0	0	1	0	1	1	1	1	1	1	1	1	1
1261	0	9	3	1	1	1	1	1	25	0	0	1	1	0	2	0	0	0	0	0	2	2	2	2.4	2.75	2.8	3	2.5	3
1262	27	8	4	1	1	1	1	1	26	0	1	0	0	1	5	1	0	0	0	0	1	1	1	2.6	3.5	3.6	3.33333333333333	2.5	2
1263	22	10	6	2	2	1	1	1	38	1	1	0	0	0	6	0	0	0	1	0	1	2	2	2.2	2.5	2.2	4	4	3
1264	18	4	4	1	1	1	1	1	22	0	0	0	0	0	6	1	0	0	0	0	1	1.5	1.5	2.2	3	3.4	3.33333333333333	3.5	3
1265	1	8	3	2	1	2	1	1	36	0	0	0	1	0	7	0	1	0	1	0	1	2.5	2.5	1	2.25	2.6	3.66666666666667	1.5	2
1266	4	6	4	2	1	1	1	1	35	0	0	0	1	0	3	0	0	0	1	0	1	1.5	1	2.2	2	2.4	2.66666666666667	3.5	3
1267	0	0	0	1	1	1	1	2	19	1	1	0	0	0	6	1	0	0	1	0	1	1	1	2	2	2	2	2	2
1268	2	3	0	1	1	1	1	1	32	0	1	0	0	0	6	0	0	1	1	0	1	1	1	1	1	1	1	1	1
1269	1	6	5	1	1	1	1	1	23	0	0	0	0	0	3	0	0	1	0	0	1	1	1.5	3	3.5	3.4	2.66666666666667	2.5	2
1270	6	2	0	2	1	1	1	1	36	0	0	0	0	0	5	0	0	0	1	0	1	1	1	1	1	1	1	1	1
1271	5	22	17	1	1	2	1	1	21	1	0	0	0	0	5	1	0	0	1	0	2	1	1.5	2.4	2.25	2.4	3	3	3
1272	9	9	0	2	1	1	1	1	40	0	0	0	0	0	8	0	0	1	1	0	1	1	1	1	1	1	1	1	1
1273	9	3	1	2	1	1	1	1	38	0	0	0	1	0	10	0	0	0	1	0	1	1	1	2	2	2	2	2	2
1274	2	2	0	1	2	1	1	1	19	0	0	0	1	0	7	1	0	0	1	0	1	1	1	1	2.5	2	3.33333333333333	3	3
1275	5	2	3	2	1	1	1	1	42	0	0	0	0	0	3	0	0	1	1	0	1	1	1	2	2	2	3.33333333333333	3.5	3.5
1276	7	8	5	2	2	1	1	1	23	0	0	0	0	0	3	0	1	0	1	0	1	2.5	1	3.2	2.5	3.4	2.66666666666667	3	2.5
1277	15	8	7	1	1	1	1	1	26	0	0	0	0	0	1	0	0	0	0	0	2	2	2	3	3.75	3.2	3.33333333333333	3	4
1278	14	9	7	2	1	2	1	1	21	0	0	0	1	0	7	0	0	1	0	0	1	2	2	2	2	2	2	2	2
1279	0	6	7	1	1	1	1	1	28	1	0	0	0	0	3	0	0	1	1	0	1	1.5	1.5	2	2.75	2.8	2	4	3
1280	0	8	0	2	2	2	1	2	42	0	0	0	0	1	7	0	0	0	0	0	1	1	1	2.4	2.5	2.4	4	4	5
1281	7	5	11	1	1	1	1	1	33	0	0	0	0	0	6	0	0	0	0	1	1	1.5	1	2.2	2.5	3.6	2.66666666666667	2	2
1282	0	1	0	1	1	1	1	1	24	0	0	0	0	0	6	0	0	0	1	0	2	2	2	1.4	2	2.4	3	3	3
1283	1	3	1	1	1	2	1	1	20	0	0	0	0	0	5	1	0	0	1	0	1	1	1	1.6	1	2	2.33333333333333	3	2
1284	0	4	0	2	2	2	1	1	28	0	0	0	0	0	6	0	0	0	1	0	2	3	1.5	1.2	1.25	1.6	4.33333333333333	4	3
1285	0	0	0	1	1	1	1	1	34	0	1	0	0	0	6	0	1	0	0	0	1	1	1	3	3	3	3	3	3
1286	2	2	0	1	1	1	1	1	36	0	1	0	1	0	9	0	0	0	1	1	1	1	1	2.6	3	2.6	3	3	3
1287	6	3	5	2	1	1	1	1	34	0	0	0	0	0	5	0	0	0	1	0	1	1	1	1.8	2.25	2.4	3	3	3
1288	6	17	15	2	1	1	1	1	30	0	1	0	1	0	3	0	0	0	0	0	1	1	2	3.4	4	3.8	3.66666666666667	3	3
1289	3	0	0	2	1	1	1	1	37	0	0	0	0	0	5	0	0	0	1	1	1	1	1	2.2	1	2.8	2.66666666666667	4	3
1290	0	0	0	2	1	1	1	1	44	0	0	0	0	0	7	0	0	1	1	0	1	1	1	1.8	1	2	3.33333333333333	3.5	2.5
1291	2	10	1	2	1	1	1	1	36	0	0	0	0	0	5	0	0	0	0	0	1	1	1	1.8	1	1.4	3	3	3
1292	10	16	9	1	1	1	1	1	25	0	0	0	0	0	4	0	0	0	1	0	2	3	2.5	2.6	3.5	3.8	2.66666666666667	2.5	2
1293	9	8	4	1	1	1	1	1	35	0	0	0	0	0	3	0	0	0	0	0	1	1	1	2	3	3.4	3	2	2
1294	8	8	1	2	2	1	1	1	21	0	0	0	1	0	5	0	0	0	1	0	1	1	1.5	1.2	1	1.8	5	5	4
1295	0	5	0	2	1	2	1	1	21	1	0	0	0	0	7	1	0	0	1	0	1	1.5	1	1.2	1	1	4.66666666666667	4.5	3
1296	4	6	2	1	1	1	1	1	32	0	0	0	1	0	3	0	0	0	0	0	1	1	1	1.4	2	2.2	3.66666666666667	4	5
1297	3	2	2	1	1	2	1	1	22	0	1	0	0	0	2	0	0	0	1	0	1	1	3	1.4	1	1.8	2	3	2
1298	10	6	6	2	1	1	1	1	24	0	1	0	0	0	5	0	0	0	1	0	1	1	1	1.6	1	1.4	2.33333333333333	3.5	1
1299	16	13	11	1	1	1	1	1	38	0	0	0	0	0	5	0	1	0	0	0	3	1	2	2.4	2.25	2.8	3.33333333333333	3.5	3
1300	1	2	0	2	1	1	1	1	30	1	1	0	0	1	6	0	0	0	1	0	1	1	1	1.8	2	3	2.33333333333333	2	2
1301	1	6	0	2	1	1	1	1	30	0	0	0	1	0	5	0	0	0	1	0	1	1	1	2	2.5	2.4	3	2.5	2
1302	15	14	10	2	1	1	1	1	35	0	0	0	0	0	5	0	0	0	1	0	1	1	1	2.4	2.25	2.4	3	3	3.5
1303	4	5	2	1	1	1	1	2	23	0	0	0	1	0	5	0	0	0	1	0	2	4	3	4.6	2.75	3.4	5	5	5
1304	22	15	14	1	1	1	1	1	35	1	0	0	0	0	3	0	0	0	0	1	1	1	1	3	3.5	3.8	3	3	3
1305	10	11	7	2	2	1	1	2	20	1	0	0	0	0	6	1	0	0	1	0	2	1.5	1.5	2.4	3	2.4	4	4.5	2.5
1306	0	1	2	1	1	1	1	2	31	0	1	0	0	0	4	0	0	0	0	0	1	1.5	1.5	1.8	2.5	2.4	3.66666666666667	4.5	3.5
1307	2	4	2	1	1	1	1	1	29	0	0	0	0	0	2	0	0	0	0	0	1	1	1	1.6	3	3.2	3	3	3
1308	0	0	0	2	2	1	1	1	27	0	1	0	0	1	8	0	0	0	0	0	1	1	1	3	3	3	3	3	3
1309	8	8	5	1	1	1	2	2	25	0	0	0	0	0	5	0	0	1	1	0	2	2.5	2	3	3.25	3.4	4.33333333333333	3.5	3
1310	1	0	5	1	1	1	1	1	21	0	1	0	0	0	7	1	0	0	1	0	1	1	1.5	2	2	2	2	2	2
1311	0	0	0	1	1	1	1	1	33	0	0	0	1	0	7	0	0	0	0	0	1	1	1	1.4	1	1.4	3	3	2
1312	0	0	0	1	1	1	1	1	33	0	0	0	1	0	6	0	0	0	1	0	1	1.5	1	1.6	2	1.6	3	3.5	3
1313	2	4	0	1	1	1	1	1	28	0	1	0	1	0	2	0	1	0	0	1	1	1	1	2.4	2.25	2.2	3	3	3
1314	7	4	4	2	2	2	1	1	36	0	0	0	0	0	5	0	1	0	1	0	1	1	1	1	2	1	5	5	5
1315	5	9	8	1	1	1	1	1	29	0	0	0	0	1	5	0	0	0	0	0	2	2	2	2	3	3.4	4.33333333333333	3	2.5
1316	13	9	7	1	1	1	1	1	33	0	0	0	0	0	6	0	0	0	0	0	1	1	1	2	2.75	2.6	5	3.5	5
1317	3	4	4	2	1	1	1	1	24	0	0	0	0	1	5	1	0	0	1	0	3	2	1.5	1.8	3.25	2.8	3.66666666666667	3	2
1318	3	3	4	2	1	1	1	1	29	0	0	0	0	0	8	0	0	0	1	0	2	1.5	1.5	1	1	1.6	4.33333333333333	4.5	3.5
1319	2	0	0	2	1	1	1	1	30	0	0	0	0	1	5	0	0	0	0	0	1	1	1	1.4	1	1.8	2.33333333333333	4	1.5
1320	9	7	5	2	1	1	1	1	29	0	0	0	0	0	4	0	0	0	0	0	1	2	1	1.4	2.25	2.6	4.66666666666667	4.5	5
1321	7	4	2	1	1	1	1	1	37	0	1	0	0	0	5	0	0	0	0	1	1	1	1	2.2	3.5	3.2	3.33333333333333	3.5	3
1322	0	2	0	1	2	1	1	1	21	0	0	0	0	0	7	1	0	0	1	0	1	3.5	3	1.2	1	2.6	4.66666666666667	4.5	4
1323	4	2	2	2	1	2	1	2	25	0	0	0	0	1	6	1	0	0	1	0	1	1	1	1.2	2	1.8	4.66666666666667	5	3.5
1324	7	4	1	1	1	1	1	1	33	0	1	0	1	0	3	0	0	0	0	1	1	1	1	2.2	2.5	3	2.66666666666667	4	4
1325	3	1	14	2	1	1	1	1	18	0	0	0	1	0	3	1	0	0	0	0	1	1	1	1	1	2	3	5	1
1326	0	2	0	1	2	1	1	1	35	0	0	0	0	0	7	0	0	0	1	0	1	1	1	1	1.5	1.4	3	4	3
1327	4	7	7	1	2	1	1	1	30	0	0	0	0	0	6	0	0	0	1	0	1	1	1	2.8	3.75	4	1	1	1
1328	11	20	9	1	1	2	1	1	23	0	0	0	1	0	2	0	0	0	0	0	1	1	1	1.4	2	1	3.66666666666667	5	5
1329	4	7	2	1	1	1	1	1	21	0	1	0	0	0	5	1	0	0	0	0	1	1	1	2.4	2.5	3	3.33333333333333	3	2.5
1330	5	0	0	2	2	1	1	1	59	0	0	0	1	0	3	0	0	1	1	0	1	1	1	2	1	1.8	3.66666666666667	2.5	4
1331	7	7	3	1	1	1	1	1	43	0	0	0	0	0	1	0	0	0	0	0	1	1.5	1.5	2.4	2.5	2.8	4	4.5	4
1332	0	4	12	1	1	1	1	1	31	0	0	0	1	0	1	0	0	0	1	0	1	1	1	1.8	1.5	1.8	4.66666666666667	5	4
1333	0	1	1	2	1	2	1	1	32	0	1	0	0	0	5	0	0	0	1	0	1	1	1	1.8	1	1.4	3	4	3
1334	3	6	5	2	1	1	1	2	40	0	1	0	0	0	5	0	0	1	1	0	1	1	1	1.4	3.25	1.6	3.66666666666667	4.5	2
1335	9	9	11	2	2	1	1	1	32	0	0	0	1	0	3	0	1	0	1	0	1	1	1	1.4	1	1.2	3	3.5	3.5
1336	1	4	1	2	1	1	1	1	32	0	0	0	1	0	2	0	0	1	1	0	1	1	1	2.2	2.25	2.8	4	4	3.5
1337	13	11	8	1	2	1	1	1	26	1	1	0	1	0	7	0	0	0	0	1	1	1	1	1.8	1.5	2.6	3.33333333333333	4	3
1338	0	0	0	1	1	1	1	1	42	0	0	1	1	0	5	0	1	0	0	0	1	1	1	3	3	3	3	3	3
1339	10	14	11	2	1	1	1	1	30	0	0	0	0	0	5	0	0	1	1	0	2	1.5	1.5	2.2	2.25	2.4	3.66666666666667	3.5	2
1340	3	10	11	1	2	2	2	2	23	1	0	1	1	0	5	0	0	0	1	0	1	1.5	1.5	2.4	2.75	2.6	2.66666666666667	3	3
1341	7	9	7	2	1	2	1	1	22	0	0	0	0	0	4	0	0	0	1	0	1	2.5	1	1.4	2	2	4	4	4.5
1342	22	25	18	2	2	1	1	1	28	0	0	0	1	0	3	0	1	0	1	0	3	1.5	2.5	2.2	2.5	2.6	3.66666666666667	4.5	3.5
1343	8	6	3	1	1	1	1	1	49	0	0	0	0	1	6	0	0	0	0	1	1	1	1	1	2	2.8	4	4.5	2
1344	5	1	0	2	1	1	1	1	22	0	0	0	0	0	3	0	0	0	1	0	1	1	1	2.2	2	2.8	2.33333333333333	3.5	2.5
1345	0	1	3	2	1	1	1	1	21	0	0	0	0	0	9	0	0	0	0	0	1	1	1	1	1	1	1.66666666666667	1	1
1346	0	2	2	1	1	1	1	1	26	0	0	0	0	0	4	0	0	0	1	0	1	2	2	2.4	2	2.8	4	3.5	3
1347	2	10	12	2	2	2	1	1	27	0	0	0	0	0	4	0	1	0	1	0	1	2.5	1	1.2	1.25	2	3.66666666666667	3.5	3
1348	11	8	7	2	1	1	1	1	38	0	1	0	0	1	3	0	0	0	1	0	1	1	1	1	1	1.8	2.66666666666667	4	3
1349	3	14	12	1	1	1	1	1	29	0	0	0	1	0	7	0	1	0	0	0	2	2	2	3	2.5	3.8	3	3	3
1350	24	14	10	2	2	1	1	1	22	0	0	0	0	0	3	1	0	0	1	0	3	2.5	3	2.4	3	3.6	4	3	3
1351	5	8	7	2	1	1	1	1	24	0	0	0	0	0	2	0	0	0	1	0	2	2	2	2.2	2.25	2.6	4	3	3.5
1352	4	5	1	1	1	1	1	1	27	0	0	0	0	1	7	0	0	0	0	0	1	1	1	1.4	3.5	3.8	1.66666666666667	2	1
1353	32	14	14	1	1	1	1	1	20	0	0	0	0	0	5	1	0	0	1	0	1	1	1	3	3	3	3	3	3
1354	3	3	0	1	1	1	1	1	28	0	0	0	0	0	3	0	0	0	1	0	1	1	1	1	2	1.2	4	2.5	2
1355	0	10	5	2	1	1	1	1	37	0	0	0	1	0	4	0	0	0	0	0	1	1	1	3	3	3	3	3	3
1356	0	3	3	2	1	2	1	1	24	0	1	0	0	1	5	0	0	0	1	0	1	1	1	2.6	1	1.8	4	4	2
1357	6	14	7	1	2	1	1	1	19	0	0	0	0	0	3	1	0	0	1	0	1	1	1	2	2.5	3.4	4	4	3
1358	1	3	4	2	2	2	2	1	24	0	1	0	0	0	6	0	1	0	1	0	1	1	1	1.6	1	1.2	4.33333333333333	3.5	3.5
1359	5	1	1	1	1	1	1	1	42	0	0	0	0	0	5	0	0	0	0	0	1	1	1	2.6	3	2.4	3.33333333333333	3.5	3
1360	6	4	2	2	1	1	1	1	36	0	0	0	0	1	7	0	0	0	1	0	1	1.5	1.5	2.6	2.75	2.6	3	3.5	2
1361	14	7	2	2	1	1	1	1	36	0	0	0	0	0	7	0	0	0	1	0	1	1	1	2	2	2	2	2	2
1362	8	9	7	1	1	1	1	1	40	0	1	0	0	0	5	0	0	0	0	1	2	2	2	3	3	3	3	3	3
1363	1	2	0	2	1	1	1	1	22	0	0	0	1	0	10	0	0	0	1	0	1	1	1	3	3	3	3	3	3
1364	1	4	2	2	2	2	2	1	23	0	0	0	0	0	6	0	0	0	1	0	1	1	1	1	1.25	1	4.66666666666667	5	3.5
1365	0	0	0	2	2	1	1	1	39	0	0	0	0	0	6	0	0	0	1	0	1	1	1	2.8	3.25	3.2	3	3	2.5
1366	0	2	0	1	1	1	1	1	29	0	0	0	0	0	8	0	0	0	0	0	1	1	1	2.6	1	1.8	4.66666666666667	4.5	2.5
1367	3	3	0	1	1	1	1	1	39	0	0	0	0	1	5	0	1	0	0	1	1	1	1	1.8	1.5	1.4	3	3	3
1368	5	3	2	1	1	1	1	1	24	0	1	0	1	0	4	0	0	0	0	0	1	1.5	1	2.4	2	2.4	2	3	2
1369	0	3	4	1	1	1	1	1	20	0	0	0	1	0	3	1	0	0	0	0	1	1.5	1.5	1	1.75	3.6	4	3.5	2.5
1370	0	3	0	2	2	2	1	1	28	0	0	0	0	0	5	0	0	0	1	0	1	1	1	1	1.5	2.6	5	5	5
1371	6	7	0	1	1	1	1	1	51	0	0	0	0	0	3	0	1	0	0	0	1	1	1	2.4	1.75	2.6	3.33333333333333	4.5	3
1372	1	2	3	1	1	1	1	1	46	0	0	0	0	0	4	0	0	0	0	0	3	2	3	1.8	1.75	2.6	4.33333333333333	3	4
1373	2	2	0	1	1	1	1	1	39	0	1	0	0	0	5	0	0	0	0	0	1	1	1	1	1.5	2.4	3.66666666666667	3.5	3
1374	6	15	17	2	2	1	1	1	23	0	0	0	0	0	5	0	1	0	1	0	1	1	1	1.2	1.25	1.4	3.33333333333333	4.5	2.5
1375	8	6	6	2	1	1	1	1	44	0	0	0	0	0	7	0	0	0	0	0	1	1.5	1.5	3	3	3	3	3	3
1376	4	1	0	1	1	1	1	1	38	0	1	0	0	0	7	0	0	0	0	1	1	1	1	3.2	3.25	3.4	3	2.5	2.5
1377	0	3	3	1	1	1	1	1	27	0	1	0	0	0	7	0	0	0	0	0	1	1	1	1.2	2	2.2	3.33333333333333	4	3
1378	0	7	13	1	1	1	1	1	28	0	0	0	0	0	5	0	0	0	0	0	2	2	2.5	3.4	3.25	4	3.66666666666667	3.5	3
1379	1	3	3	1	1	2	1	2	40	1	0	0	1	0	7	0	0	0	0	1	1	1	1	1.6	1.5	1.4	3	3	3
1380	2	6	2	2	1	1	1	1	39	0	0	0	0	0	5	0	0	1	1	0	1	1.5	1.5	2.4	2.5	3.2	2.66666666666667	2	2
1381	2	22	11	1	1	1	1	1	20	0	0	0	1	0	5	0	0	0	0	1	1	1	1	2.6	3	3	3.33333333333333	3	3
1382	2	6	2	1	1	1	1	1	29	0	0	0	0	0	4	0	0	0	0	0	1	1.5	1.5	1	1.5	1.8	4.33333333333333	4	3
1383	2	4	0	1	2	1	1	1	20	0	1	0	0	0	5	1	0	0	1	0	1	1	1	1.8	2	2.2	3.66666666666667	4	3
1384	1	0	0	1	1	1	1	1	25	0	0	0	1	0	5	0	0	0	0	0	1	1	1	2	2	2.6	2	3	3
1385	9	11	9	1	1	1	1	1	27	0	0	0	0	0	3	0	0	1	1	0	1	1	1	2.4	3	2.4	2.66666666666667	2.5	2.5
1386	3	9	7	1	2	1	1	1	32	0	0	0	0	1	8	0	1	0	1	0	1	1.5	1.5	3	2.75	3.4	3.33333333333333	3	2.5
1387	0	2	0	1	2	2	1	1	19	0	0	0	0	0	3	1	0	0	1	0	1	1	1	2	2	3	3.33333333333333	3.5	3
1388	11	8	2	2	1	1	1	1	30	0	0	0	0	0	3	0	1	0	1	0	1	1.5	1	1.4	2.25	2	3.66666666666667	4	3
1389	0	0	0	1	1	1	1	1	50	0	0	0	0	0	5	0	0	0	0	0	1	1	1.5	2.8	3.25	3.6	2.33333333333333	2.5	2
1390	4	4	0	2	1	1	1	1	39	0	0	0	1	0	6	0	0	0	0	0	2	1.5	2	1.4	2	1.6	2	2	2
1391	4	5	0	2	1	1	1	1	25	0	0	0	0	1	6	0	0	0	1	0	1	1.5	1	1.8	1.5	1.6	2.66666666666667	4	3
1392	6	4	4	2	1	1	1	1	35	0	0	0	0	0	6	0	0	0	1	0	1	1	1	1.6	1.5	2.8	3	3.5	2.5
1393	3	3	1	1	1	1	1	1	32	0	1	0	0	0	5	0	0	0	1	0	1	1	1	3	3.25	3.8	2	2.5	2
1394	0	0	0	1	1	1	1	1	47	0	0	0	0	0	9	0	0	0	0	0	1	1	1	1	1	1	1	1	1
1395	8	7	1	2	1	1	1	1	39	0	0	0	0	0	5	0	1	0	1	0	1	1.5	1.5	1.8	1.75	2.6	3.66666666666667	4	3
1396	0	0	0	2	1	1	1	1	24	0	0	0	1	0	10	0	0	0	1	0	1	1	1	1.8	1	1.4	3	3	2
1397	2	0	0	1	1	1	1	1	23	0	1	0	0	0	4	0	0	0	0	0	1	1	1	1.8	1.75	2.6	2.33333333333333	2	2
1398	8	7	1	2	2	1	2	1	26	0	0	0	0	0	4	0	0	0	1	0	1	1	1	1.8	1	2.2	5	5	4.5
1399	1	1	0	1	2	1	1	1	24	0	0	0	0	1	9	0	1	0	1	0	1	1	1	1	1	1	4	4.5	4.5
1400	14	8	7	2	1	2	1	1	38	0	0	0	0	1	5	0	0	0	1	0	2	1.5	2.5	1.4	1.25	3.4	4	2	3
1401	5	3	3	2	1	1	1	1	40	0	0	0	1	0	6	0	0	0	1	0	1	2.5	1	1.6	2	2.8	4.66666666666667	4.5	3.5
1402	3	1	0	1	1	1	1	1	37	0	1	0	0	0	6	0	0	0	0	1	1	1	1	1.8	2	3	3.66666666666667	4	3
1403	3	2	3	2	2	1	1	1	39	0	0	0	1	0	5	0	0	0	0	0	1	1.5	1	2.4	3	3.8	3	3.5	3.5
1404	0	0	0	1	1	1	1	1	25	0	0	0	0	0	8	0	0	0	0	0	1	1	1	3	3	3	3	3	3
1405	1	0	0	2	1	1	1	1	35	1	0	0	0	1	7	0	0	0	1	0	1	1	1	1	1	1.4	3.66666666666667	4	3.5
1406	11	16	8	2	2	1	1	1	26	0	0	0	0	0	4	0	0	0	1	0	1	1.5	2.5	2	2.5	3.4	4.66666666666667	4.5	2.5
1407	25	10	7	2	1	1	1	1	52	0	1	0	0	0	6	0	0	0	0	1	1	1	1	1	1	1	1	1	1
1408	7	27	21	2	1	1	2	1	18	1	0	0	1	0	3	0	1	0	1	0	1	1.5	1.5	2.6	2.75	2.8	3.66666666666667	3.5	3
1409	0	5	2	2	2	2	1	1	25	0	0	0	0	0	3	0	0	0	1	0	1	1	1	1.4	1.5	1.4	3.66666666666667	4	3
1410	0	0	0	2	1	1	1	1	42	0	0	0	0	0	6	0	0	1	1	0	1	1	2	1.2	1	1	1	1	1
1411	3	0	0	2	2	1	1	1	18	0	0	0	0	0	3	1	0	0	1	0	1	1	1	1	1	1	1	1	1
1412	4	2	1	2	1	1	1	2	34	0	0	0	0	0	7	0	0	0	1	0	1	1	1	1.6	1.25	1.4	2.66666666666667	4	2
1413	9	12	8	1	1	1	1	1	28	0	1	0	1	0	5	0	1	0	0	0	1	1.5	1	2	2.5	1.4	3	3	2
1414	5	4	3	1	1	1	1	1	34	0	0	0	0	1	6	0	0	0	1	0	1	1	1.5	1.6	2	3	4	3.5	2.5
1415	4	2	1	1	1	1	1	1	28	0	0	0	1	0	6	0	1	0	1	0	2	1	1	1	1	1	5	5	5
1416	0	0	0	1	1	1	1	1	40	0	0	0	1	0	6	0	0	0	1	0	1	1	1	3	2	2.4	5	5	5
1417	10	15	10	2	1	1	1	1	18	1	0	0	1	0	7	0	0	0	1	0	1	3	3	3.6	3.75	4	4.66666666666667	3.5	3.5
1418	7	11	7	2	1	1	1	1	28	0	0	0	1	0	4	0	0	0	1	0	1	1	1	1.6	1	1.2	3.66666666666667	3.5	3
1419	0	0	0	2	2	2	1	1	39	0	0	0	0	0	3	0	0	0	1	0	1	1	1.5	1	1	1	5	5	5
1420	12	7	7	2	1	1	1	1	20	0	0	0	0	0	5	1	0	0	1	0	1	1	1	1.8	1.5	2.4	3.66666666666667	3.5	3
1421	5	2	0	1	1	1	1	1	33	0	0	0	0	0	6	0	0	0	1	0	1	1	1.5	1.4	1.5	2.2	4	3.5	3
1422	5	3	1	2	1	1	1	1	33	0	0	0	0	0	6	0	0	0	1	0	2	2	3.5	1.8	2.25	3	4.33333333333333	5	4
1423	1	2	4	1	2	1	1	1	33	0	1	0	1	0	5	0	0	0	0	1	1	1	1.5	3	3.25	3.4	2	2	2
1424	4	2	1	2	1	1	1	1	49	0	0	0	0	0	6	0	0	0	1	0	1	1	1.5	1.6	1	2	4.33333333333333	4.5	5
1425	1	7	7	2	1	1	1	2	34	0	0	0	0	0	5	0	0	0	1	0	1	1	1	2	1.75	2.2	3.66666666666667	3.5	3
1426	10	5	4	2	1	1	1	1	23	1	0	0	0	1	7	1	0	0	1	0	2	2	1.5	2	2	2.8	2.66666666666667	3.5	2
1427	13	9	7	1	2	1	1	1	38	0	0	0	0	0	5	0	0	1	1	0	1	1.5	1.5	2.8	2.75	2.8	2.66666666666667	2.5	3
1428	1	8	5	2	1	1	1	1	49	0	1	0	0	0	4	0	0	1	1	0	1	1	1	2	2.25	2.4	3	3	3
1429	6	3	3	1	1	1	1	1	19	0	0	0	0	0	4	1	0	0	0	1	1	1	1	2.2	2.5	2.6	3.66666666666667	4	3
1430	1	14	13	2	1	1	1	1	28	1	0	0	0	0	5	0	1	0	1	0	1	1	1.5	2	2.75	3	3.66666666666667	3.5	3
1431	0	0	0	2	1	1	1	1	40	0	0	0	1	0	7	0	0	0	1	0	1	1	1	2.8	1	3.2	3	4	4
1432	16	13	16	1	1	1	1	1	26	0	0	0	1	0	1	0	0	1	1	0	1	1.5	1	2.8	1	2.6	3	3	2.5
1433	0	6	0	1	1	1	1	1	30	1	0	0	0	0	4	0	0	0	1	1	1	1	1	2.4	2	3.6	3	3	3
1434	8	4	0	1	1	1	1	1	28	0	0	0	0	0	6	0	0	0	0	0	1	1	1	1.4	1.5	1.2	3	3	2
1435	11	15	13	2	1	1	1	1	35	0	0	0	0	0	4	0	0	0	1	1	1	3	1	2.2	2.5	2.4	3	2.5	2
1436	0	0	0	2	1	1	1	1	38	0	0	0	0	0	6	0	1	0	1	0	1	1.5	1	1.8	1.5	1.4	4.33333333333333	4	4
1437	3	3	1	1	1	1	1	1	34	0	1	0	0	0	6	0	0	0	0	1	1	1	1	1.4	1.25	2.4	2.66666666666667	3.5	3
1438	8	7	4	1	2	1	1	1	29	0	0	0	0	1	3	0	0	0	0	0	2	1.5	2	1.8	1	1.4	3	3.5	2.5
1439	6	6	5	2	1	1	1	1	22	0	1	0	0	0	5	0	1	0	0	0	1	1	1	2.4	3	3.4	3.66666666666667	3.5	2.5
1440	5	3	2	2	1	1	1	1	18	0	0	0	0	0	7	1	0	0	0	0	1	1	1	1.4	1.5	2.4	3	3.5	4
1441	5	3	0	2	2	1	1	1	40	0	0	0	0	0	3	0	0	0	1	0	1	1	1	2.4	3.25	3.2	3.33333333333333	3	3
1442	5	4	2	2	1	1	1	1	25	0	0	0	0	0	6	0	0	0	1	0	1	2.5	1	2.2	2.75	3.2	3.66666666666667	3.5	3
1443	6	6	4	1	1	1	2	1	25	0	1	0	1	0	5	0	0	1	0	1	1	1	1	3.4	2.5	3.8	1	1	1
1444	0	0	0	1	1	1	1	1	40	0	0	0	0	0	5	0	0	0	0	0	1	1	1	1	1	1.6	2	2.5	1
1445	0	0	0	1	1	1	1	1	34	0	0	0	0	1	6	0	0	0	1	0	1	1	1	1	1	1	1	1	1
1446	0	20	21	1	2	1	1	1	34	1	0	0	0	0	3	0	1	0	1	0	1	1	1.5	2.4	2.5	2.6	3.33333333333333	2	2
1447	4	15	5	1	1	1	1	1	46	0	1	0	1	0	5	0	0	0	0	0	1	1.5	1.5	3	3.25	4	2.33333333333333	4	3
1448	0	5	0	1	1	1	1	2	29	0	0	1	0	0	5	0	0	0	0	0	1	1.5	1	2	2.75	2.2	3	3	3
1449	2	3	5	1	1	1	1	2	27	0	0	0	0	0	7	0	0	0	1	0	2	3	3	3.8	3	3.8	3.33333333333333	4	4
1450	0	0	0	1	1	1	1	1	39	0	0	0	1	0	6	0	0	0	0	0	1	1	1	1	1	1	1	1	1
1451	0	7	0	1	1	1	1	1	23	0	0	0	0	0	3	0	0	0	1	0	1	1	1	1.6	1	3.2	3.66666666666667	2.5	1
1452	0	8	6	2	2	1	1	1	36	0	1	0	0	0	6	0	0	0	0	1	1	1	1	1	1	2.6	3	3.5	3
1453	8	5	4	2	1	2	1	1	48	0	0	0	0	0	2	0	0	0	1	0	1	1.5	1.5	1	1.5	1.4	5	5	3
1454	2	12	4	2	1	1	1	1	20	0	0	0	0	0	6	1	0	0	1	0	1	1	1.5	1.6	2.5	2.8	3.33333333333333	2.5	2
1455	0	6	5	2	1	1	1	1	40	0	0	0	0	0	4	0	0	0	1	0	1	1	1	2.2	2.5	2.6	4	4	3
1456	0	0	0	1	1	1	1	1	47	0	0	0	0	0	3	0	0	0	0	0	1	1	1	1.6	2.25	2.8	3.66666666666667	4	3
1457	2	0	0	1	1	1	1	1	35	0	1	0	0	1	8	0	0	0	0	0	1	1	1	2.2	3	3.4	2.66666666666667	2	1.5
1458	15	20	14	1	2	1	1	1	30	0	1	0	0	1	8	0	0	0	0	0	2	1	1	2	1.75	3.4	2.33333333333333	3.5	1.5
1459	11	22	21	2	2	1	1	1	40	0	0	0	0	0	3	0	1	0	0	0	2	2	2	3.8	4	3.4	4.33333333333333	5	5
1460	10	7	7	1	1	1	1	1	40	0	0	0	0	0	8	0	0	0	1	0	1	1	1	1.8	2.75	2.4	2	3.5	2.5
1461	3	2	0	1	1	1	1	1	42	0	0	0	0	0	3	0	1	0	1	0	1	1	1	3	3.25	3.6	2.66666666666667	3	2.5
1462	9	13	15	1	1	1	1	1	29	0	0	0	1	0	1	0	0	1	1	0	1	1	1	1.2	2	1.6	2.33333333333333	2.5	2
1463	18	10	9	2	2	2	1	1	29	0	0	0	0	0	3	0	1	0	1	0	3	2	3	2.4	3	3.6	2.66666666666667	3	1
1464	8	18	18	2	1	1	1	1	34	0	0	0	0	0	6	0	1	0	1	0	1	1	1	3	3.75	4.2	3.33333333333333	3.5	2
1465	0	1	1	2	1	1	1	1	30	0	0	0	0	0	6	0	0	0	1	0	1	1	1	1.8	1	1.4	2.66666666666667	4	2
1466	2	4	2	1	1	2	1	1	29	0	0	1	1	0	2	0	0	0	0	0	1	1	1	2.2	1.25	2.2	3	3	2.5
1467	0	0	0	1	1	1	1	1	52	0	1	0	0	1	6	0	0	0	1	0	1	1	1	2.6	1	1.8	3.66666666666667	5	1
1468	0	4	3	2	1	2	1	1	18	0	0	0	0	0	8	1	0	0	1	0	1	1	1	1.4	1.75	3.2	3	4	3
1469	2	0	0	2	1	1	1	1	28	0	0	0	0	0	2	0	0	0	0	0	1	1	1	1.4	1.5	2.8	3.66666666666667	5	3
1470	5	8	6	1	1	1	1	1	30	0	0	0	0	0	3	0	1	0	1	0	2	2	1.5	1.4	3.5	2.4	4	4	4
1471	2	5	1	1	2	1	2	1	23	0	0	0	0	0	7	0	1	0	1	0	1	1	1	2.2	1	2.4	4.33333333333333	5	3
1472	19	13	12	1	1	1	1	1	22	0	0	0	1	0	3	0	0	0	0	0	2	2	2.5	2.4	3.75	3.6	3	3	3
1473	2	3	3	1	2	1	1	1	41	0	0	0	1	0	3	0	0	0	1	0	1	1	1	1.6	1	3	4.33333333333333	4.5	3
1474	7	8	7	1	1	1	1	1	25	0	1	0	0	1	4	1	0	0	0	0	1	1.5	2	2	1.5	2.8	3.66666666666667	3.5	3
1475	9	7	2	2	1	2	1	1	36	0	0	0	0	1	4	0	0	0	1	0	1	1	1	2.4	2.5	2	3	4	2
1476	6	5	4	2	2	2	1	2	26	0	1	0	0	0	5	0	0	1	1	0	1	2	1.5	2.2	2.5	2.6	4.33333333333333	2	2.5
1477	0	6	5	2	2	1	1	1	25	0	0	0	1	0	6	0	0	0	1	0	1	1	1	1	1	2.2	2	1.5	1
1478	8	7	2	1	1	1	1	1	37	1	0	0	0	0	4	0	0	0	0	1	1	1	1	2.6	3.25	3.6	2.33333333333333	2	1
1479	27	14	11	2	2	1	1	1	32	0	0	0	0	0	6	0	0	0	1	0	2	2	2.5	2.2	2.25	3	3.33333333333333	4	2.5
1480	13	11	6	2	2	1	1	1	21	0	0	0	0	0	5	0	0	0	1	0	1	1	1.5	2.6	2.5	2.2	3.66666666666667	4	2.5
1481	6	11	8	1	1	1	1	1	29	0	0	1	0	0	4	0	0	0	0	0	1	1	1	2.6	2.5	3.4	2.33333333333333	3	2
1482	8	11	6	2	1	1	1	1	20	0	0	0	0	0	6	1	0	0	1	0	1	1	1	2.8	3.75	4	3.66666666666667	3	2.5
1483	0	3	0	1	1	1	1	1	30	0	1	0	0	1	9	0	0	0	0	0	4	2	4	1.8	1.25	2.2	3.33333333333333	4	3
1484	1	1	0	1	1	1	1	1	32	0	1	0	1	0	5	0	0	0	0	0	1	1	1	2	2	1.8	3	3	3
1485	4	7	3	1	2	1	1	1	38	0	0	0	1	0	6	0	0	0	1	0	1	1.5	1	1.4	1.75	2.6	4	4	3
1486	3	9	7	2	2	1	1	1	19	0	0	0	0	0	7	1	0	0	1	0	1	1.5	2	2.6	2.75	3.4	3.33333333333333	3.5	2.5
1487	2	20	7	2	1	1	1	1	33	0	0	0	0	1	7	0	0	0	1	0	1	1	1	1	3	2	4.33333333333333	3	3
1488	0	0	0	1	1	1	1	1	43	0	0	0	0	0	7	0	0	1	0	1	1	1	1	1	1	1	1	1	1
1489	1	3	0	1	2	2	1	1	23	0	0	0	0	0	6	1	0	0	1	0	1	1	1	1.4	2.5	3.2	1.66666666666667	3	2.5
1490	0	12	8	1	2	1	1	1	25	0	0	0	0	0	4	0	0	0	0	0	2	2	2	2	2.5	2.8	3.33333333333333	3.5	3
1491	9	1	1	2	2	1	1	1	24	0	0	0	0	0	4	0	0	0	1	0	1	1	1	1.6	1.5	1.6	4	4	3
1492	11	16	14	1	1	1	1	1	23	1	0	0	0	0	4	0	0	0	0	0	2	1.5	2	2	2	1.8	3	3	3
1493	1	1	0	1	1	1	1	1	52	0	1	0	1	0	8	0	0	0	1	0	1	1	1	1	1	1	1	1	1
1494	0	5	0	1	2	2	1	1	36	0	0	0	0	0	5	0	0	0	0	0	2	2	2	1.8	2	2.2	3	3	2
1495	41	26	20	2	1	1	1	1	22	0	1	0	0	0	6	0	0	0	0	0	1	1	1	4.4	4.75	4.6	2	2.5	3
1496	3	6	5	2	1	1	1	1	48	0	0	0	0	0	6	0	1	0	1	1	2	1	2	2.6	3.5	4.6	2	1.5	1
1497	3	6	5	2	2	1	1	1	20	1	1	0	1	0	2	0	0	0	0	0	1	1	1	3.2	2.75	4	2.66666666666667	2.5	2
1498	0	0	0	2	2	2	1	1	29	0	0	0	0	0	5	0	0	0	1	0	1	1	1	1.8	1	1	1	2	1
1499	26	17	13	1	2	1	1	1	22	1	0	0	0	0	4	0	0	1	0	0	1	1	1.5	2.6	2.5	3.2	3	3	2.5
1500	0	0	0	1	2	2	1	1	18	0	0	0	0	0	7	1	0	0	1	0	1	1	1	2	2.25	3.4	3	3.5	1.5
1501	9	10	7	2	2	2	1	1	54	0	0	0	0	0	5	0	0	1	1	0	2	1.5	1.5	2.2	2.25	3.6	3.33333333333333	3.5	2
1502	5	2	2	1	1	2	1	2	21	0	0	0	0	0	7	1	0	0	1	0	2	2	2	2.8	4	4	4	2.5	2
1503	14	12	7	2	1	1	1	1	30	0	0	0	0	0	4	0	0	0	0	0	1	1	1	2.4	2.5	3.4	3.33333333333333	4	4
1504	2	1	1	2	2	2	1	1	30	0	0	0	0	1	7	0	0	0	1	0	1	1	1.5	1	1.5	1.4	3.66666666666667	4.5	3.5
1505	10	1	4	1	2	1	1	1	36	0	0	0	0	0	7	0	0	1	0	0	1	1	1	1	1	1	1	1	1
1506	0	0	0	1	1	1	1	1	43	0	1	0	0	0	3	0	0	0	0	1	1	1	1	2.6	3	3.2	2.33333333333333	3.5	3
1507	2	4	1	2	1	1	1	1	32	0	0	0	0	0	7	0	0	0	0	0	1	1	1	1	1	1	1	1	1
1508	2	3	6	2	2	1	1	1	46	0	0	0	0	0	8	0	1	0	0	0	1	1	1	1.4	2	1.4	1.66666666666667	2	2
1509	16	9	7	2	1	2	1	1	30	0	0	0	0	0	6	0	0	0	1	0	2	2	2	1.8	1	2.2	3	4.5	3
1510	13	7	3	2	2	1	1	1	36	0	0	0	0	0	4	0	0	0	1	0	2	1.5	1.5	1.4	2	2.6	4	4	3
1511	16	13	9	1	2	2	1	1	25	0	0	0	0	0	3	0	0	0	1	0	2	1	1.5	3	3.25	3.8	3.33333333333333	3.5	1.5
1512	0	0	0	1	1	1	1	1	24	0	1	0	0	0	7	0	0	0	0	0	1	1	1	2	2	2	2	2	2
1513	10	15	21	2	1	1	1	1	18	1	0	1	1	0	6	1	0	0	1	0	3	3	3	3.4	3	3	3	3	3
1514	8	2	3	1	1	1	1	1	35	1	0	0	0	0	7	0	0	0	1	1	1	1.5	1.5	1.6	2	3.4	3	4.5	4
1515	2	0	0	2	2	1	1	1	24	0	0	0	0	0	6	0	0	0	1	0	1	1	1	1	1	1	4.33333333333333	4.5	4
1516	6	4	0	1	1	2	1	2	29	0	0	0	0	0	7	0	0	0	0	0	2	1.5	2	2.2	2.25	2.4	4.33333333333333	5	2
1517	6	7	6	1	1	1	1	1	33	0	0	0	0	1	5	0	0	0	0	0	1	1	1	2	2.25	2.8	2	3	3
1518	7	9	2	2	1	1	1	1	21	0	0	0	0	0	7	1	0	0	1	0	1	1.5	2	2.8	2.75	2.6	3.33333333333333	3	2.5
1519	2	8	10	1	1	1	2	1	18	0	1	0	1	0	4	0	1	0	1	0	1	1	2	3	2.75	3.2	4.33333333333333	4.5	3
1520	11	16	6	1	1	1	1	1	35	0	1	0	0	0	8	0	0	0	1	0	2	1.5	2	2.4	2.75	3.6	3.66666666666667	4	3
1521	7	9	7	2	2	1	1	1	22	0	0	0	0	0	5	0	0	0	1	0	3	2	2.5	2.6	3	3.4	3.33333333333333	3.5	2.5
1522	2	0	0	1	1	1	1	1	56	0	1	0	1	0	5	0	0	0	1	1	1	1	1	2	1.75	2.2	3.33333333333333	3	3
1523	0	0	0	2	1	1	1	1	21	0	0	0	0	0	4	1	0	0	1	0	1	1	1	1	1	2.2	4	3.5	2.5
1524	18	19	17	2	2	1	1	1	23	0	0	0	0	0	5	0	1	0	1	0	1	3	1	2	3.25	3.2	3	3	1
1525	5	6	10	1	1	1	1	1	31	0	0	0	0	0	2	0	0	0	0	0	3	3	2	1.8	2.5	4.2	4.33333333333333	2	1
1526	5	0	0	2	1	1	1	1	38	0	0	0	0	0	7	0	0	0	1	0	1	1	1	1.4	1.5	1.6	3.66666666666667	4	3
1527	10	7	7	1	1	2	1	1	35	0	0	0	0	0	4	0	1	0	1	0	2	2	2	3	2.75	2.8	2.66666666666667	3	3
1528	8	4	3	2	1	2	1	1	37	0	0	0	0	0	6	0	0	0	1	0	1	1	1	2.6	2	2.6	2.33333333333333	3.5	1
1529	17	13	11	1	2	1	1	1	26	0	0	0	0	0	8	0	1	0	1	0	3	4	4	3.2	4	2.8	3.33333333333333	4	3.5
1530	0	14	9	2	2	1	1	1	32	0	0	0	0	0	6	0	0	0	1	0	1	2.5	1	3.8	2.75	3.6	4.33333333333333	2.5	2.5
1531	4	4	2	1	1	2	1	1	24	0	0	1	0	0	5	0	1	0	1	0	1	1	1	1.6	1.25	1.4	3.66666666666667	4.5	3
1532	0	0	0	1	1	1	1	1	34	0	0	0	1	0	1	0	1	0	0	0	1	1	1	1	1	1	1	1	1
1533	10	10	3	2	2	1	1	1	39	0	1	0	1	0	4	0	0	1	0	0	1	2	2	1.6	2.5	2.4	4.33333333333333	4	3
1534	2	8	4	1	1	2	1	1	22	1	0	0	0	0	2	0	0	0	0	0	1	1	1	1	1.5	1.6	3.66666666666667	4	3
1535	0	0	0	1	1	1	1	1	29	0	0	0	0	0	8	0	0	0	0	0	1	1	1	1.4	1.75	2.8	3.33333333333333	4	2
1536	5	7	8	1	1	1	1	1	43	0	0	0	0	0	6	0	0	0	0	0	1	1	1.5	2.4	2.75	2.6	3.33333333333333	4	4
1537	6	2	2	2	2	1	1	1	31	0	0	0	0	0	7	0	0	0	0	0	1	1	1	2.6	2.75	3.4	3.33333333333333	3.5	1.5
1538	12	5	3	2	2	2	1	1	20	0	0	0	0	0	5	1	0	0	1	0	1	1	1	1.6	1.5	2.2	3.66666666666667	3.5	3
1539	3	10	10	2	1	1	1	1	29	0	0	0	0	1	5	1	0	0	1	0	2	3	3	2.6	3.75	4.2	4	2	2
1540	32	8	6	1	2	1	1	1	43	0	1	0	1	0	2	0	0	1	0	0	1	1.5	1.5	1.4	2.75	2.4	3	3.5	1.5
1541	0	0	0	1	1	1	1	1	31	0	0	0	0	0	5	0	0	0	0	0	1	1	1	1.6	1	2.2	3	3	3
1542	5	1	0	1	2	1	1	1	30	0	0	0	0	0	6	0	1	0	1	0	1	1.5	1	2.4	3	2.6	3.33333333333333	3.5	3
1543	8	7	6	2	1	1	1	1	18	0	0	0	0	0	5	1	0	0	0	0	1	1	1	1.8	1.75	2.2	4.33333333333333	4.5	4
1544	6	3	2	2	2	2	1	1	39	0	0	0	0	0	9	0	0	1	1	0	1	1	1	2	2.5	3	3.33333333333333	3.5	3
1545	3	3	3	2	1	1	1	1	19	0	0	0	0	0	5	1	0	0	1	0	3	2.5	3	2	2.5	2.6	4	4.5	3.5
1546	17	7	18	2	2	2	1	1	26	1	0	0	0	0	5	0	0	0	1	0	1	2.5	1	1.4	2	2.4	4	4	4
1547	0	7	0	1	1	1	1	1	29	0	0	0	0	1	4	0	0	0	1	0	2	2	3	1.8	2	2.4	3	3	3
1548	4	6	6	1	1	1	2	1	24	0	0	1	1	0	5	0	0	0	0	1	1	1	1	2.4	2	2.8	3	3	2.5
1549	0	2	0	2	1	1	1	1	40	0	0	0	1	0	5	0	0	0	1	0	1	1	1	3	3	3	3	3	3
1550	11	7	10	1	1	1	1	1	43	0	1	0	1	0	4	0	0	0	0	1	1	1	1	2.4	3	3.2	2.33333333333333	2	1
1551	3	9	8	2	2	1	1	1	19	1	0	0	0	0	3	1	0	0	1	0	1	2.5	1.5	2.2	2.5	3.4	3.33333333333333	4.5	3
1552	6	6	1	2	1	1	1	1	28	0	0	0	0	1	6	0	0	0	1	0	1	1	1.5	2.2	2	2.6	3	4	3
1553	0	27	15	2	2	2	1	1	44	1	0	1	1	0	1	0	1	0	1	1	5	5	5	1	3	1	5	5	3
1554	5	4	3	2	2	1	1	1	27	1	0	0	0	0	7	0	0	0	1	0	1	1.5	1	2	3.5	2.2	4.66666666666667	4.5	2.5
1555	8	10	11	1	1	1	1	1	21	0	1	0	0	0	3	1	0	0	1	0	1	1	1	1.2	2	3	3.33333333333333	3.5	3
1556	8	3	3	1	1	1	1	1	29	0	0	0	0	0	5	0	0	0	0	0	1	2	1	2.6	3	3	3	2.5	2
1557	12	26	21	1	1	1	1	1	25	0	0	0	1	0	5	0	1	0	1	0	1	1	1.5	1	1.5	1.4	3	2	3
1558	27	22	7	1	1	1	1	1	22	0	0	0	1	0	3	0	1	0	0	0	1	1	1	1.8	1.5	1.8	3.66666666666667	4	3
1559	6	3	1	2	2	1	1	1	27	0	0	0	0	1	6	0	0	0	1	0	1	2	1.5	2.8	3	3.4	3	4	3
1560	0	5	2	1	1	1	1	1	32	0	0	1	1	0	7	0	0	1	0	1	1	1	1	1.8	1	1.4	3	3	3.5
1561	8	4	5	2	1	1	1	1	42	0	0	1	0	1	7	0	0	0	1	1	1	1.5	1	1.4	1.75	1.8	2.66666666666667	5	4
1562	6	7	7	2	2	1	2	1	21	0	0	0	0	0	3	0	0	0	1	0	2	2	2	1	1.25	2.4	5	5	5
1563	2	6	6	1	1	1	1	1	20	0	1	0	0	0	4	1	0	0	0	0	1	1	1	2.4	3	3.4	4	4.5	4
1564	0	0	0	1	1	1	1	1	33	0	1	0	0	0	5	0	0	0	0	1	1	1	1	2	2	2.4	3.66666666666667	4	4
1565	2	2	3	1	2	1	1	1	24	0	0	0	0	0	8	0	0	0	1	0	1	1	1	1	1.75	1.4	3.33333333333333	3.5	3
1566	5	6	3	1	1	1	1	1	32	0	1	0	0	0	5	0	0	0	0	1	1	1	1	2.8	2.25	2.8	3	3	2.5
1567	1	9	0	1	2	2	1	1	20	0	0	0	0	0	1	1	0	0	1	0	1	1.5	1	1.4	1	2.2	3.66666666666667	5	3
1568	17	7	7	1	1	1	1	1	42	0	0	0	0	0	7	0	0	0	0	0	1	1	1	2	1.75	1.8	3.33333333333333	3	2.5
1569	3	7	5	2	1	2	1	1	29	0	0	0	0	1	5	0	0	0	1	0	1	1.5	1	2.4	2	2	3	3.5	3.5
1570	5	3	1	1	1	1	1	1	49	0	0	0	0	1	6	0	0	0	0	1	2	1	1.5	1.8	2	3	3.33333333333333	4	2.5
1571	3	3	5	2	2	1	1	1	23	0	0	0	0	0	6	0	0	0	1	0	1	1	1	2	2.5	2.2	3.66666666666667	4	4
1572	7	4	4	2	2	1	1	2	32	0	0	0	1	0	10	0	0	0	1	0	1	1	1	1	1	1	1	1	1
1573	0	3	2	2	2	2	1	1	22	0	1	0	0	0	6	0	0	1	1	0	2	1.5	1.5	1.6	1.5	1.8	3.33333333333333	4.5	4
1574	1	13	4	1	1	1	1	1	32	0	1	0	0	0	4	0	1	0	0	0	2	2	2	3	3	3	3	3	3
1575	12	9	14	1	2	1	1	1	34	0	0	0	0	1	7	0	0	0	1	0	2	2	2	2.2	3.25	3.4	3.66666666666667	3	1
1576	0	1	0	1	1	1	1	1	25	0	0	0	0	1	4	1	0	0	0	0	1	2.5	2	1.8	1.25	1.2	2	1.5	1.5
1577	0	1	0	1	1	1	1	1	33	0	1	0	0	0	8	0	0	0	0	0	1	1	1	1	1	1.8	4.33333333333333	4.5	4
1578	4	2	1	1	1	1	1	1	20	0	0	0	0	0	2	1	0	0	1	0	1	2	1	1	1.75	2	3	4.5	1.5
1579	12	11	12	2	1	1	1	1	22	0	0	0	0	0	5	0	0	0	1	0	1	1	1	2.6	2.25	3	3.33333333333333	4	2.5
1580	20	18	7	1	1	2	1	1	21	0	0	0	1	0	2	0	0	0	1	0	1	1	1	1	1	1	2	2.5	1
1581	1	7	3	1	1	1	1	1	30	0	1	0	0	0	5	0	0	0	0	0	1	1	1	3	3	3.2	3.33333333333333	3.5	3.5
1582	0	4	14	2	1	1	1	1	21	0	0	0	0	0	5	1	0	0	1	0	1	1	1	1.8	1.5	2.2	3	3	4
1583	3	6	7	1	1	1	1	1	21	0	0	0	0	0	5	1	0	0	0	0	1	1	1	2	2.25	3.2	2.66666666666667	4.5	1
1584	1	0	0	2	1	1	1	1	44	1	0	0	1	0	3	0	0	0	1	0	1	2	1.5	2	2.75	2.6	3.66666666666667	4	4
1585	17	12	16	2	1	2	1	2	25	0	0	0	0	1	6	1	0	0	1	0	1	2.5	1.5	1	1	1.8	4.33333333333333	4.5	2.5
1586	5	5	5	2	1	1	1	1	25	0	0	0	0	0	7	0	0	0	1	0	4	3.5	2.5	3	3	3	3	3	3
1587	11	5	3	2	1	1	1	1	35	0	0	0	0	0	6	0	0	0	1	0	1	1.5	2.5	2.8	3	3.4	4.33333333333333	4.5	3
1588	0	7	7	2	1	1	1	1	21	0	0	0	0	0	4	1	0	0	0	0	2	2	2	3	3	3.2	3	3	3
1589	8	5	5	1	1	1	1	1	34	0	0	0	0	0	5	0	0	0	0	0	1	1	1	1.6	1.5	2.6	2.33333333333333	2	1
1590	0	2	0	1	1	1	1	1	24	0	0	0	0	0	5	0	1	0	1	0	1	1	1	1.4	1	1.6	1.33333333333333	1	1
1591	0	0	0	1	1	1	1	1	38	0	0	0	0	0	10	0	0	0	1	0	1	1	1	1.6	1	1	1	1	1
1592	4	4	0	2	2	1	1	1	30	0	0	0	0	0	6	0	0	0	1	0	1	1	1	1.2	1	1.4	2.66666666666667	3.5	2.5
1593	10	1	0	1	1	1	1	1	40	0	0	0	0	0	7	0	0	0	0	0	1	1	1	1	1	2	4	4.5	4
1594	7	12	7	1	1	1	1	1	23	0	0	1	0	0	6	0	0	0	0	0	1	1	1	3	3	3	3	2.5	2.5
1595	13	20	7	1	2	1	1	1	35	0	0	0	1	0	4	0	1	0	1	0	2	1.5	1.5	4.2	5	3.4	3	2	2
1596	2	6	4	2	2	2	1	1	35	0	0	0	0	1	7	0	1	0	1	1	1	1	1	1	1	1.8	5	5	3
1597	4	2	0	2	2	2	1	1	28	0	0	0	0	0	3	0	0	0	1	0	1	1	1.5	1.6	3	2.2	2.66666666666667	3.5	2.5
1598	13	9	7	2	2	1	1	1	30	0	0	0	0	0	6	0	0	0	1	0	1	2	1	2.2	1.75	2.8	3.33333333333333	3.5	2
1599	2	8	11	1	1	1	1	1	31	0	0	0	0	0	7	0	0	0	1	1	1	2	1	2.4	2	3	4	2.5	2
1600	10	13	14	2	2	2	1	1	36	0	0	0	0	0	5	0	0	0	1	0	1	1	1	1.2	1	2	3.66666666666667	4.5	2
1601	8	4	5	1	1	1	1	1	48	0	0	0	1	0	6	0	0	1	0	1	1	1	1	1.8	1.75	2.4	3.66666666666667	4	4
1602	3	3	0	1	1	1	1	1	21	0	0	0	1	0	10	0	0	0	1	0	1	1	1	2.2	2	2.4	3	3.5	3
1603	5	7	0	2	1	1	1	1	32	0	0	0	0	0	4	0	0	0	1	0	2	1	2	2.6	2.75	3	2	2	2
1604	4	8	7	1	1	1	1	1	24	0	1	0	0	1	9	0	0	0	0	0	1	1	1	2.6	2	2.6	2.66666666666667	4	2
1605	7	11	9	2	2	2	1	1	65	0	0	0	1	0	7	0	0	1	1	1	1	1	1.5	2.4	2.75	2.2	3.66666666666667	4.5	4
1606	0	7	7	1	1	1	1	1	21	0	0	0	0	0	7	1	0	0	0	0	2	2	2	3	3	2.6	3.66666666666667	1	1
1607	4	5	5	2	1	2	1	1	25	0	0	0	0	1	8	0	0	0	1	0	1	1.5	2	2	2	2.8	3.66666666666667	4	2.5
1608	11	7	7	2	2	1	1	2	18	0	0	0	0	0	7	1	0	0	1	0	2	2	2	1.8	1.5	1.4	4	4	4
1609	3	3	1	1	2	1	1	1	36	0	0	0	0	0	3	0	0	0	1	0	1	1	1.5	2.4	2.5	3	4.33333333333333	4.5	3.5
1610	1	0	0	1	1	2	1	2	34	0	0	0	0	0	4	0	0	1	1	0	2	2	2	1	1	1	1	1	1
1611	0	10	7	1	2	1	1	1	25	0	0	0	1	0	6	0	1	0	0	0	1	2	1	1	1	1	1	1	1
1612	2	4	2	2	1	1	1	1	34	0	0	0	1	0	5	0	0	0	0	1	1	1	1	2.2	1	1.8	4	3.5	2
1613	16	9	7	2	1	1	1	1	30	0	0	0	0	0	5	0	1	0	1	0	1	1.5	2	2.2	2	2.2	3.66666666666667	4	4
1614	9	0	4	1	2	2	1	1	26	0	0	0	0	1	6	0	0	0	1	0	2	2.5	2.5	2.2	2	2	2	2	2
1615	0	1	0	1	1	2	1	1	29	0	0	0	0	0	4	0	0	0	1	0	1	1	1	1.8	1.5	1.4	3	3	2
1616	12	14	7	2	2	2	1	1	20	0	0	0	0	0	5	1	0	0	1	0	1	4.5	3	3.4	4	3	3.66666666666667	3	1
1617	0	0	0	2	1	1	1	1	31	0	0	0	0	1	5	0	0	0	1	0	1	1.5	2	1.2	1.25	2.4	4.33333333333333	4	2.5
1618	2	2	3	2	2	2	1	1	21	0	0	0	0	0	7	1	0	0	1	0	1	1	1	1.4	1	1.4	3.33333333333333	4	1.5
1619	4	8	1	1	1	1	1	1	36	0	1	0	0	0	6	0	0	1	1	0	2	1.5	2	2.6	3.25	2.8	2.66666666666667	2.5	3.5
1620	0	9	7	1	1	1	1	1	34	1	1	0	0	0	8	0	0	0	0	1	1	1	1	2.8	4	3.6	1	1	1
1621	10	5	6	1	1	1	1	1	21	0	0	0	0	0	4	0	0	0	1	0	1	1	1	1.4	1.25	1.4	3	3	3.5
1622	15	14	21	2	1	2	1	1	21	0	0	0	0	0	4	1	0	0	1	0	1	1	1	2.6	4	4	2.66666666666667	4	1.5
1623	13	5	6	2	2	1	1	1	38	0	0	0	0	0	7	0	0	0	1	1	1	1	1.5	2	1.25	1.4	3.66666666666667	4	3
1624	4	7	3	1	1	1	1	1	22	0	1	0	1	0	2	0	0	0	0	0	1	1	1	2.8	3.75	3	3	2.5	2
1625	11	1	1	2	1	1	1	1	23	0	1	0	0	0	4	1	0	0	1	0	1	3	1.5	1	2	1.8	3.66666666666667	3	2
1626	22	11	10	2	1	1	1	1	24	0	0	0	0	0	9	0	0	0	0	0	1	1	1	2.2	1.5	1.8	4.66666666666667	5	2.5
1627	2	8	6	1	1	2	1	2	19	0	0	0	0	0	2	0	0	0	1	0	1	1	1	3.2	3	3.6	2.66666666666667	2.5	1
1628	17	19	14	1	2	1	1	1	46	0	0	0	1	0	2	0	0	0	0	0	2	1.5	2	2.6	3.25	3.6	3.66666666666667	3.5	3.5
1629	21	27	21	2	1	1	1	1	28	0	0	0	0	0	1	0	1	0	1	0	2	2.5	2	2.8	3.25	3.2	2.66666666666667	3	2.5
1630	7	6	4	2	1	2	1	2	33	0	0	0	0	0	5	0	0	0	1	0	1	1	1.5	2.4	2.25	2.2	3	3	3
1631	17	10	13	1	1	1	2	1	23	0	1	0	0	0	5	1	0	0	0	0	1	1	1	2.4	2	2.2	3	3	2.5
1632	3	6	2	2	2	2	1	1	21	0	1	0	0	0	3	0	1	0	1	0	1	1	1	2	3.5	3.2	3.66666666666667	2	2
1633	2	0	0	1	1	1	1	1	18	0	0	0	0	0	2	1	0	0	1	0	2	2	2.5	3.2	3	3.2	3.33333333333333	3.5	3
1634	20	14	16	2	1	1	1	1	18	0	0	0	1	0	5	1	0	0	1	0	3	2.5	2.5	1.8	1	2.2	3	3	3
1635	2	1	0	2	2	1	1	1	30	0	0	0	1	0	5	0	1	0	0	0	1	1.5	1	1	1	2.6	3	3	5
1636	6	7	6	1	2	1	1	1	24	0	0	0	0	1	6	1	0	0	1	0	1	1	1.5	1.4	2.75	2.4	4	3	2.5
1637	32	13	11	1	2	2	1	1	29	0	0	0	0	0	5	0	1	0	1	0	3	2	3	3.4	3	3	2.66666666666667	3	2.5
1638	24	14	12	1	2	1	1	1	30	0	1	0	0	1	8	0	0	0	0	0	2	3	2.5	3.4	3.75	3.4	2.33333333333333	4	3.5
1639	0	0	0	2	1	1	1	1	25	0	0	0	0	1	10	0	0	1	0	0	1	1	1	1	1	1	1	1	1
1640	11	4	4	1	2	1	1	1	20	0	0	0	0	0	7	1	0	0	1	0	1	1	1	1.4	2.25	3	4	4.5	2
1641	0	4	2	2	1	1	1	2	25	0	0	0	0	1	7	0	0	0	1	0	1	2	1	1.4	1	1.2	3.33333333333333	3.5	3
1642	6	15	7	2	1	1	1	1	28	0	0	0	0	0	3	0	0	0	1	0	1	1	1	1.6	2.75	3.4	3.33333333333333	4.5	2.5
1643	15	17	13	1	2	2	1	1	24	0	0	0	1	0	3	0	0	0	1	0	1	1	1	2.4	2	2.2	3	3	2.5
1644	6	10	11	1	2	1	1	1	23	0	1	0	0	0	5	0	0	0	1	0	2	1.5	1.5	2.4	2	2.6	3.33333333333333	3.5	3
1645	2	9	6	2	1	1	1	1	40	0	0	0	0	0	7	0	0	1	1	0	1	1	1	2	2.5	2.2	4	4	4
1646	12	23	21	2	2	2	1	1	29	0	0	0	1	0	1	0	1	0	1	0	1	1	1	1	1	1	5	5	5
1647	9	2	4	2	2	1	1	1	39	0	0	0	0	0	6	0	0	0	1	0	1	2	1	1.4	1.5	1.8	4.33333333333333	4	3
1648	3	2	1	1	1	1	1	1	33	0	1	0	1	0	6	0	0	0	1	0	1	1	1	1.8	1	2	3	3	3
1649	0	2	2	2	1	1	1	1	53	1	0	0	0	0	5	0	0	0	1	0	1	1	1	1.8	1.5	2.6	4	4.5	3.5
1650	6	7	3	1	1	1	1	1	26	0	0	0	0	1	6	0	0	1	0	0	1	1	1	1.4	1.25	2.2	3.66666666666667	3.5	2.5
1651	4	7	2	1	2	2	1	1	37	0	0	0	0	0	3	0	0	1	1	0	1	1	1	2	2.75	3	3	4	2.5
1652	0	0	0	2	1	1	1	1	37	0	0	0	0	0	5	0	0	0	0	0	1	1	1	1	1	1	1	1	1
1653	3	9	5	1	1	1	1	1	19	0	0	1	1	0	5	0	1	0	0	0	1	1	1	3	3	3	3	3	3
1654	3	1	1	2	1	2	1	1	30	0	1	0	0	0	6	0	0	0	0	1	1	1.5	1	1.4	2	1.4	2.66666666666667	3.5	2.5
1655	0	3	4	2	1	1	1	1	30	0	0	0	0	0	6	0	0	0	1	0	1	1	1	1.6	1.75	2.4	3.33333333333333	3	2.5
1656	0	4	3	1	1	1	1	1	19	0	1	0	0	0	3	1	0	0	0	0	1	2	1	2.4	1.5	2.4	3	3	3
1657	2	4	3	1	1	1	1	1	18	0	1	0	1	0	3	0	0	1	0	0	1	1	1	1.4	1.5	2.2	2.33333333333333	2.5	1.5
1658	0	10	7	2	1	1	1	1	36	0	0	0	0	0	6	0	0	0	1	0	3	3	3	3	3	3	3	3	3
1659	0	0	0	1	2	1	1	1	25	0	0	0	1	0	5	0	0	0	1	0	1	1	1	3	3	3	3	3	3
1660	11	5	5	2	1	1	1	1	50	1	0	0	1	0	5	0	0	0	1	0	1	1.5	1	1	1.5	3.2	4	3.5	2
1661	1	5	4	1	1	1	1	1	34	0	1	0	0	0	6	0	0	0	1	0	1	1	1	2.4	2.25	2.4	2.66666666666667	2.5	2
1662	3	4	0	1	2	1	1	1	32	0	0	0	0	0	5	0	1	0	1	0	1	1	2	1	1	1.2	3.33333333333333	4	3
1663	0	0	0	2	2	1	1	1	27	0	1	0	0	0	3	0	0	1	0	0	1	1	1	2	2	2.2	2	2.5	2
1664	6	5	5	2	2	2	2	2	19	0	0	0	0	0	3	1	0	0	1	0	1	2	1	2	2	2.2	2.66666666666667	3	2
1665	0	5	4	1	1	1	1	1	23	0	0	0	1	0	3	0	0	0	0	0	1	1	1	3	3.25	3	3.33333333333333	3.5	3
1666	0	0	0	1	1	1	1	1	24	0	1	0	0	0	6	0	0	0	1	1	1	1	1	1.8	1	1.4	3	3.5	3
1667	4	2	0	1	1	1	1	1	26	0	0	0	0	0	5	0	0	0	0	0	1	1	1	2.2	1	2.6	4.33333333333333	3	3
1668	8	5	5	1	1	1	1	1	49	0	0	0	0	0	6	0	0	0	1	0	1	1	1	2.4	2.5	2.4	3	2.5	3
1669	4	0	0	1	1	2	1	1	20	0	0	0	0	0	4	1	0	0	1	0	1	1	1	1.4	1	1.4	2.66666666666667	2.5	3
1670	7	3	4	2	1	1	1	1	39	0	0	0	0	0	2	0	0	0	1	0	1	1	1	3	3	3	3	3	3
1671	5	7	0	1	1	1	1	1	38	0	0	0	0	0	8	0	0	1	1	0	4	2	2.5	1.2	1	3	4.33333333333333	4	4
1672	0	1	2	2	1	1	1	1	33	0	0	0	0	0	6	0	0	0	1	0	1	1	1	2.4	2	2.6	3.33333333333333	4	2
1673	5	7	1	2	2	2	2	2	28	0	0	0	0	0	5	0	0	1	1	0	1	1.5	1.5	1	1	1	5	4.5	5
1674	24	8	10	1	2	2	2	1	19	1	1	0	0	0	6	1	0	0	0	1	3	3	2.5	2.2	2.75	2.6	2	2.5	2
1675	18	19	13	1	2	1	1	1	34	0	0	0	0	0	5	0	0	0	0	0	1	1	1	2.2	2	2.4	3	3	2.5
1676	3	7	7	1	1	1	1	1	49	0	1	0	1	0	2	0	0	0	0	1	1	1	1	5	5	5	2.33333333333333	1	1
1677	10	6	2	1	1	1	1	1	43	0	1	0	1	0	3	0	0	0	0	1	2	1.5	1.5	3.4	3.75	4.2	1.33333333333333	1	1
1678	0	9	7	1	1	1	1	1	28	0	1	0	0	0	4	0	1	0	0	1	1	1	1	3	3	3	3	3	3
1679	2	5	3	2	2	2	1	1	39	0	1	0	0	1	6	0	0	0	1	1	1	1.5	1	2.2	2.5	3.2	3	2.5	3
1680	11	9	8	1	2	1	1	1	45	0	0	0	0	0	3	0	1	0	0	1	1	1.5	1	2.2	2.25	3.2	3	3	2
1681	4	5	5	1	1	1	1	1	36	0	1	0	0	0	5	0	0	0	0	1	1	1	1	2.4	2.25	2.8	2.66666666666667	3.5	3
1682	0	0	0	2	1	1	1	1	45	0	0	0	1	0	5	0	0	0	1	1	1	1	1	1	1	1	1	1	1
1683	13	9	8	2	1	1	1	1	21	0	1	0	0	0	5	1	0	0	0	0	2	2	2	3	3	3	3	3	3
1684	2	5	0	1	1	1	1	1	27	0	0	0	0	1	6	0	0	0	0	0	1	1	1	1.6	2	2.8	4.33333333333333	3.5	3
1685	4	4	1	1	1	1	1	1	41	0	0	0	0	1	5	0	0	1	0	1	1	1	1	2.4	2	2.6	2	2	2
1686	1	3	0	2	1	1	1	1	31	0	1	0	0	0	7	0	0	0	0	0	1	1	1.5	3.2	1.5	4.2	3	2.5	3
1687	0	0	0	1	1	1	1	1	63	0	1	0	1	0	5	0	0	1	1	1	2	2.5	2.5	2.2	2.5	3.2	4	3.5	3.5
1688	7	3	1	1	1	1	1	1	34	0	0	0	0	0	5	0	0	0	1	0	1	1	1	1	1	1	5	4.5	4
1689	6	5	2	2	1	1	1	1	35	0	0	0	0	0	6	0	0	0	1	0	2	1	2	1.8	2.25	2.2	4	3.5	2.5
1690	22	9	14	2	2	2	1	1	29	0	0	0	1	0	5	0	0	0	1	0	1	1	1.5	1.2	1.5	1.8	4.66666666666667	5	3
1691	7	5	3	2	2	1	1	1	40	0	0	0	0	0	5	0	1	0	1	0	1	1	1	1.4	1.75	2.8	3	2	2
1692	0	7	5	1	1	2	1	1	27	0	0	0	0	0	5	0	1	0	1	0	2	1.5	1.5	1.2	1.25	1.8	4.33333333333333	4	3
1693	15	22	19	2	2	2	1	1	33	0	1	0	0	1	6	0	0	0	1	0	3	4.5	4	3.4	5	4.2	2.33333333333333	1	1
1694	11	8	0	1	1	1	1	1	30	0	0	0	0	0	8	0	0	0	1	0	3	4.5	3	1.8	2.5	2	3	3	3
1695	13	12	8	2	2	1	1	1	28	0	1	0	0	0	6	0	0	1	0	0	2	2.5	2.5	2.4	2.75	2.6	2	2.5	2.5
1696	0	0	0	1	1	1	1	1	39	0	0	0	0	0	6	0	0	1	1	0	1	1	1.5	1.8	2	1.8	3.33333333333333	3.5	3
1697	0	3	1	2	2	1	1	1	29	0	0	0	0	1	5	0	0	0	1	0	2	1	1.5	1.4	3	3.6	2	5	1
1698	17	6	5	2	2	2	1	1	36	0	0	0	0	1	5	0	0	0	0	0	1	1.5	2	1	1.75	3	4	5	2.5
1699	4	4	4	1	1	1	1	1	24	0	1	0	0	0	6	0	0	0	1	0	2	2	2	2	3	3.6	3	3	2.5
1700	4	13	7	2	2	1	1	1	25	0	0	0	0	0	7	0	0	0	1	0	1	1	1	1	1.5	1.8	3.66666666666667	5	2
1701	23	13	10	1	2	1	1	1	24	0	0	0	0	0	3	0	0	0	0	0	2	2.5	3	2.6	2.75	2.4	2.33333333333333	3	2.5
1702	22	8	9	2	1	1	1	1	42	0	1	0	0	0	5	0	0	0	1	0	1	1	1.5	1.4	1	1.8	3	4	3
1703	4	1	3	1	2	1	1	1	22	0	0	0	0	0	2	0	0	0	1	0	1	1	1.5	2	2.25	2.2	2.66666666666667	3	2
1704	52	27	21	2	2	2	2	2	28	0	1	0	0	0	10	0	0	0	0	0	5	5	5	5	5	5	5	5	5
1705	0	3	1	1	1	1	1	1	31	0	1	0	0	0	7	0	0	0	0	1	1	1	1	1.8	1.25	2.6	3.33333333333333	3	3
1706	0	0	0	2	1	1	1	1	25	0	0	1	0	0	9	0	0	0	0	0	1	1	1	2	2	2	2	2	2
1707	15	15	12	1	1	1	1	1	18	0	1	0	0	0	3	0	0	0	1	0	1	1.5	1.5	2.6	2.25	2.2	3	3	3
1708	0	9	0	2	1	1	1	1	24	1	1	0	0	0	3	0	0	0	1	0	2	2	2	1.4	1	1.2	1.33333333333333	1	1
1709	0	2	0	2	1	1	1	1	23	0	0	0	0	0	5	0	0	1	1	0	1	1	1	1.6	1	1.4	4.33333333333333	5	5
1710	12	9	3	1	1	1	1	1	24	0	0	0	1	0	2	0	0	0	1	0	1	1	1	2.2	2.25	3.2	3.33333333333333	2.5	2
1711	4	5	0	2	1	1	1	1	28	0	0	0	0	0	2	0	0	0	1	0	1	1	1	1.4	1.25	1.8	3	3.5	2.5
1712	8	11	7	1	1	1	1	1	32	0	0	0	0	0	6	0	0	0	0	0	1	1	1	2.6	3	2.8	4	3.5	2
1713	25	11	6	2	1	1	1	1	34	0	0	0	0	0	6	0	0	0	1	1	1	1.5	1	2.6	2.75	2.8	3.66666666666667	2.5	2
1714	0	0	0	1	1	1	1	1	41	0	0	0	0	0	8	0	0	0	1	0	1	1	1	1.4	1	1.6	3	3.5	1
1715	0	2	0	1	1	1	1	1	47	0	1	0	0	0	7	0	0	0	0	0	1	1	1	2.6	2	2.4	2.33333333333333	4	3
1716	1	8	7	1	1	1	1	1	25	0	0	0	1	0	7	0	0	1	1	0	1	1.5	1	3.2	2.5	2.4	3	3	3.5
1717	0	0	0	2	2	2	1	1	20	0	0	0	1	0	5	0	0	0	1	0	1	1	1	1	1	1	1	1	1
1718	18	6	7	2	1	1	1	1	33	0	0	0	0	0	8	0	0	0	1	0	2	2	1.5	1.6	1.5	2.2	1.33333333333333	2	2
1719	22	24	21	1	1	2	1	1	20	0	0	0	0	0	6	0	1	0	1	0	3	4	4	3.4	1.5	3	3	3	3
1720	3	6	3	1	1	1	1	1	25	0	0	0	0	1	6	1	0	0	0	0	1	1	1	1.8	3	3	3.66666666666667	3.5	3
1721	4	7	4	2	2	1	1	1	24	0	0	0	0	0	3	0	0	0	0	0	1	1	1	1.6	1	1.4	3	2	3
1722	5	3	0	2	2	2	1	1	19	0	0	0	0	0	6	1	0	0	1	0	1	1.5	1	1.2	1	2.2	4	5	4
1723	21	20	15	2	2	1	1	1	31	0	0	1	1	0	1	0	0	0	1	0	1	1	1	2.2	2.5	2.8	3	3.5	3
1724	17	9	7	2	2	1	1	1	21	0	0	0	0	0	5	1	0	0	0	0	2	2	2	3	3	3	3	3	3
1725	20	6	4	1	1	1	1	1	23	0	1	0	0	0	5	0	0	1	0	0	1	1	1	2	2	2.6	3	3	3
1726	1	0	0	2	1	2	2	1	25	1	1	0	0	1	10	0	0	0	1	0	1	1	1	1	1	1	1	1	1
1727	10	13	7	1	2	2	1	1	28	0	0	0	0	1	5	1	0	0	1	0	2	2	2	1.6	1	2	3.33333333333333	4	4
1728	0	0	0	1	1	1	1	1	22	0	0	0	0	0	2	0	0	0	0	0	1	1	1	1	1	1	1	1	1
1729	1	1	0	2	1	1	1	1	35	0	0	0	0	0	7	0	0	0	1	0	1	1	1	1	1.5	1.4	3.66666666666667	5	4
1730	8	5	7	1	1	1	1	1	26	0	0	0	0	1	6	1	0	0	0	0	1	1.5	1.5	2.2	2.25	4.2	3.66666666666667	3.5	2.5
1731	9	15	7	1	1	1	1	1	32	0	0	0	0	0	3	0	0	0	0	0	1	1	1	2.8	3	3	3	3	3
1732	0	0	0	1	1	1	1	1	25	0	1	0	0	0	5	0	0	0	0	0	1	1	1	1	1	1	1	1	1
1733	0	0	0	1	1	1	1	1	22	0	0	0	0	0	5	0	0	0	1	0	2	2	2	3	3	3	3	3	3
1734	5	2	3	1	1	1	1	1	35	0	0	0	0	0	7	0	0	0	1	0	1	1	1	1.6	1.5	2.2	4.33333333333333	4.5	3.5
1735	4	9	5	2	2	1	1	1	37	0	0	0	0	1	6	0	0	0	1	0	1	1	1	2.2	2.5	2.2	3.33333333333333	3.5	3
1736	0	0	0	1	1	1	1	1	22	0	0	0	0	0	5	0	0	0	1	0	1	1	1	3	3	3	3	3	3
1737	19	5	5	1	1	1	1	1	27	0	0	0	0	0	7	0	0	0	1	0	1	1	1	2.6	2	3.4	1	2	1
1738	0	0	0	2	1	1	1	1	27	0	1	0	0	1	9	0	0	0	1	0	1	1	1	1	1	1	1	1	1
1739	12	13	11	2	1	2	1	1	22	0	0	0	0	0	1	1	0	0	1	0	2	2.5	2	3	3	3.2	3	2.5	3
1740	30	20	18	1	1	1	1	1	21	0	0	0	0	0	3	0	0	0	0	0	4	3.5	4	3	3	3.8	4	3	4
1741	7	10	7	1	1	2	1	1	28	0	1	0	0	0	2	0	0	1	1	0	2	2	2.5	3	3	3	3	3	3
1742	2	16	3	2	1	1	1	1	37	0	1	0	0	0	1	0	1	0	0	1	3	3	3	2.6	2.5	1.8	3	3	3
1743	0	2	0	1	1	1	1	1	54	0	0	0	0	0	9	0	0	0	0	0	1	1	1	1	1	1	1	1	1
1744	5	1	3	1	1	1	1	1	28	0	1	0	0	0	3	0	0	0	0	0	1	1	1	3	3	3	3	3	3
1745	0	0	0	1	1	1	1	1	40	0	0	0	0	1	8	0	0	0	1	0	1	1	1	1.8	1	1	3.33333333333333	4.5	4.5
1746	4	2	0	2	1	1	1	1	23	0	1	0	0	1	6	1	0	0	1	0	1	1	1	2	1	1.8	3.33333333333333	3.5	2
1747	0	3	6	2	1	1	1	1	22	0	1	0	0	0	2	0	0	1	1	0	1	1	1	2.6	2.75	2.6	3.33333333333333	4	3.5
1748	12	5	0	1	1	1	1	1	37	0	0	1	1	0	4	0	0	0	0	0	1	1	1.5	3.6	4	3.4	3	3	3.5
1749	16	9	7	2	2	2	2	1	27	0	0	0	1	0	3	0	1	0	1	0	2	2	2	2	2	2	2	2	2
1750	5	10	7	2	1	1	1	1	26	0	0	0	0	0	3	0	0	0	1	0	1	1	1.5	3	3	2.8	3	1	1
1751	31	27	21	2	2	2	2	2	21	0	0	0	0	0	10	0	1	0	1	0	1	1	1	1	1	1	1	1	1
1752	7	2	0	1	1	1	1	1	46	0	1	0	0	1	10	0	0	1	0	0	1	1	1	2.2	2	3.8	4.66666666666667	5	5
1753	9	27	21	2	1	2	2	2	37	0	0	0	0	0	1	0	1	0	1	0	2	1.5	2	1	1	1.4	4.66666666666667	4.5	2
1754	0	9	3	1	1	1	1	1	43	0	0	0	0	1	6	0	0	0	0	0	1	1	1	2.2	2.75	2.8	3	3.5	3
1755	7	5	0	2	2	2	1	2	29	0	0	0	0	0	7	0	0	0	1	1	1	3	1	2.6	3.25	3.2	3.33333333333333	3.5	2
1756	1	3	0	1	1	1	1	1	39	0	0	0	1	0	1	0	0	0	1	0	4	2	2	1.8	2.75	2.2	1.66666666666667	1.5	2
1757	0	1	0	1	1	1	1	1	36	0	0	0	0	1	7	0	0	0	1	0	1	1	1.5	1.8	1.75	2.2	3.33333333333333	3	3
1758	0	9	7	1	1	1	1	1	23	0	1	0	0	0	7	0	0	1	1	0	1	1	1	2.4	2	2.2	2.33333333333333	2.5	2
1759	0	0	0	1	1	1	1	1	26	0	0	0	0	0	5	0	0	0	0	0	1	1	1	1	1	1	1	1	1
1760	20	18	12	2	1	1	1	1	35	0	0	0	0	0	6	0	0	0	0	0	1	1.5	1	2.2	2.5	3.6	2.66666666666667	3.5	3
1761	0	2	0	2	2	1	1	1	21	0	0	0	0	0	8	1	0	0	1	0	1	1.5	2	2	1.25	3	4.33333333333333	4	3
1762	0	0	0	1	1	1	1	1	38	0	1	0	1	0	4	0	0	1	0	0	1	1	1	1	1	1	1	1	1
1763	0	0	0	2	1	1	1	1	27	0	1	0	0	0	8	0	0	0	1	0	1	1	1	1.4	1	1.4	3.33333333333333	3.5	2
1764	11	3	4	2	1	1	1	1	40	0	0	0	0	0	6	0	0	0	1	0	1	2.5	1	1	2	2.8	3.66666666666667	5	2
1765	7	3	0	2	1	1	1	1	25	0	0	1	0	0	7	0	0	0	0	0	1	1	1	3	3	3	3	3	3
1766	6	13	10	2	2	1	1	1	25	0	1	0	0	0	3	0	0	0	0	0	1	2	1.5	2.4	2.25	2.8	2.33333333333333	2.5	2.5
1767	13	16	8	2	2	1	1	1	20	0	0	0	0	0	3	1	0	0	1	0	1	1	1	1.6	2	1.6	4	4	4
1768	10	0	0	2	2	1	1	1	34	0	0	0	1	0	8	0	0	0	0	0	1	1	1	1	1	1	1	1	1
1769	1	6	3	1	2	2	1	1	40	0	0	0	1	0	6	0	1	0	1	0	1	1	1	1.8	1	1.4	3	3	3.5
1770	2	1	0	1	1	1	1	1	21	0	1	0	0	0	5	1	0	0	0	0	1	1	1	1	1	1	1	1	1
1771	3	5	3	1	1	1	1	1	40	0	0	0	0	0	4	0	0	0	1	1	1	1	1	1.8	1	1.4	3.66666666666667	4	5
1772	8	7	0	1	1	1	1	1	36	0	0	0	1	0	7	0	1	0	1	0	1	1	1	2.4	3	2.4	4	4	4
1773	1	0	0	1	1	1	1	1	19	0	0	0	0	0	10	1	0	0	1	0	1	1	1	1	1	1	5	5	5
1774	2	6	8	2	1	1	1	1	20	0	1	0	0	0	4	1	0	0	0	0	1	1	1	1.2	2	3.2	4.66666666666667	4.5	4
1775	1	11	9	1	1	1	1	2	37	0	0	0	0	0	5	0	0	0	1	0	1	1	1	2	2.5	2.2	2.66666666666667	3	2.5
1776	0	4	0	2	1	1	1	1	24	0	0	0	0	0	6	0	0	0	0	0	1	1	1	1	1	1.4	1	1	1
1777	0	0	0	2	1	1	1	1	35	0	0	0	0	0	6	0	1	0	0	0	1	1	1	2	2.5	2.8	3	3	3
1778	17	10	14	1	1	1	1	1	22	0	0	0	0	0	8	0	1	0	1	0	2	2.5	2	3.6	4	4	2	2	2
1779	0	7	7	1	1	1	1	1	28	0	1	0	0	0	7	0	0	0	0	0	1	1	1	1.8	2	3	3.66666666666667	3.5	3
1780	1	2	0	1	1	1	1	1	33	0	0	0	0	0	6	0	0	0	1	1	1	2	1	1.8	2	2.8	3	3.5	3.5
1781	0	8	10	2	2	1	1	1	22	0	0	0	0	0	6	0	0	0	1	0	1	1	1	2.4	2	2.2	3.33333333333333	3.5	3.5
1782	0	0	0	1	1	1	1	1	23	0	1	0	1	0	4	0	0	0	0	0	1	1	1	3	3	2.8	3	3	3
1783	5	3	0	1	1	1	1	1	48	0	1	0	1	0	5	0	0	0	0	0	1	1	1	1.4	1	1.4	3	3	3
1784	17	8	6	2	2	1	2	2	28	1	1	0	0	0	7	0	0	1	1	0	1	1	2	1.8	1	2	3.33333333333333	5	3
1785	4	7	5	2	1	1	1	1	35	0	0	0	1	0	2	0	1	0	0	0	1	1	1	2	2	2.4	3.33333333333333	4	2.5
1786	10	4	4	2	2	2	1	1	28	0	0	0	0	1	8	0	0	0	1	0	1	1.5	1.5	1	2.25	2.6	4	4.5	2
1787	1	6	5	1	1	1	1	1	37	0	0	0	0	1	7	0	0	0	0	0	1	2	2	2	1	2.2	1	1	1
1788	64	24	13	2	1	1	1	1	21	0	0	0	0	0	10	0	0	0	1	0	1	1	1	3.6	3.75	4.4	3.33333333333333	4	2
1789	0	8	3	2	1	1	1	1	18	0	0	0	0	0	9	1	0	0	1	0	1	1	1	1.2	1.75	1.2	3.33333333333333	5	3.5
1790	1	5	5	1	1	1	1	1	19	0	0	0	1	0	4	0	0	1	0	0	1	1.5	1.5	2.4	3	3	3	2.5	1.5
1791	2	3	2	1	1	1	1	1	30	0	0	0	0	0	7	0	1	0	0	0	1	1	1.5	2.4	2.5	2.4	3.66666666666667	4	3
1792	18	15	11	2	1	1	1	2	19	0	1	0	0	0	5	1	0	0	1	0	1	1	1.5	2.4	2.5	3.4	3.33333333333333	3.5	2
1793	3	2	0	1	2	2	1	1	29	0	0	0	0	0	7	0	0	0	0	0	1	1	1	2.8	2.75	3.4	3	2	2
1794	2	2	2	2	1	1	1	1	36	0	0	0	0	0	6	0	0	0	0	0	1	1	1	2.6	3	3.6	2.33333333333333	2	2
1795	0	0	0	2	1	1	1	1	24	0	1	0	0	0	4	0	0	0	0	1	1	1	1	1	1	1	1	1	1
1796	4	4	4	1	1	1	1	1	31	0	0	0	0	0	4	0	0	0	0	0	1	1	1.5	1.6	2	2.4	4	3.5	3
1797	0	0	0	1	1	2	1	1	32	1	1	0	1	0	10	0	0	1	1	1	1	1	1	2	2	2	2	2	2
1798	16	2	5	1	1	1	1	1	42	0	1	0	0	0	6	0	0	0	0	0	1	1	1	2	1.25	3	1.66666666666667	1	1
1799	4	13	8	2	1	1	1	1	25	0	0	0	0	0	5	0	0	1	1	0	1	1	2	1.4	2	1.8	4	4	2
1800	40	23	21	2	2	2	1	1	20	0	0	0	0	0	6	0	1	0	1	0	1	1	1	1.4	1.5	2	3.33333333333333	4.5	4
1801	2	4	3	2	1	1	1	1	40	0	0	0	0	0	6	0	0	0	1	0	1	1	1	2	2	2	2	2	2
1802	0	0	0	1	1	1	1	1	22	0	1	0	0	1	10	0	0	0	0	0	1	1	1	1.6	1	1	3	2.5	1
1803	18	10	7	2	1	2	1	1	24	0	0	0	0	0	5	0	1	0	0	0	1	1.5	2	1.4	1	1.4	4	4.5	4.5
1804	1	3	1	1	1	1	1	1	28	0	0	0	0	1	6	1	0	0	0	0	1	1	1	1.8	1	1.8	3	3	3
1805	1	2	1	2	1	1	1	1	41	0	1	0	0	1	6	0	0	0	0	0	1	1	1	2	2.5	3.2	2	3	2
1806	2	6	8	1	2	1	1	1	30	0	0	0	0	1	5	0	0	0	0	0	1	1	1	2.2	3	2.6	3	3	3
1807	7	2	0	1	1	1	1	1	39	0	1	0	0	1	5	0	0	0	1	0	1	1	1	1.4	1.5	1.6	3.66666666666667	3.5	3
1808	1	4	6	1	1	1	1	1	50	0	0	0	1	0	6	0	1	0	0	0	2	1	1.5	1	1.5	2.6	1	1	1
1809	6	7	0	2	1	1	1	1	41	0	0	0	0	0	2	0	0	0	0	0	1	1	1	1.8	1.5	1.8	4.66666666666667	4	5
1810	3	2	3	1	1	1	1	1	28	0	1	0	1	0	7	0	1	0	0	1	3	1	1.5	2.6	2.25	2.6	3	3	2.5
1811	8	9	5	2	2	2	1	1	31	0	0	0	0	0	3	0	0	0	1	0	1	1	1	2	1.75	1.8	3	3.5	3
1812	7	9	7	1	1	1	1	1	35	0	0	0	0	0	6	0	0	0	0	0	2	2	2	3	3	3	3	3	3
1813	22	15	9	2	1	1	1	1	23	0	0	0	0	1	4	1	0	0	1	0	1	1	1	2	3	3.2	4	2.5	2.5
1814	17	10	7	2	1	1	1	1	39	0	0	0	0	1	8	0	1	0	1	0	1	1	1.5	2.6	3	2.6	3	3.5	3
1815	0	0	0	1	1	1	1	1	26	0	0	0	0	0	5	0	0	1	0	0	1	1	1	1	1	1	1	1	1
1816	0	2	0	1	1	1	1	1	33	0	0	0	0	0	8	0	0	0	1	1	1	1	1	1	1.25	2.2	1.66666666666667	1.5	1
1817	4	9	1	1	1	1	1	1	31	0	1	0	0	0	5	0	1	0	0	0	1	1	1	2.2	2.5	3.2	3	2.5	3
1818	2	3	4	1	1	1	1	1	42	0	1	0	0	0	7	0	0	0	1	0	1	1	1	1.4	2	2.6	3.33333333333333	3.5	3
1819	4	1	0	2	2	1	1	1	26	0	0	0	0	0	6	0	0	0	1	0	1	1	1	1.4	1	1	4	4	2
1820	0	3	7	2	2	2	2	2	27	1	0	0	0	0	6	0	0	0	1	0	1	1	1	1	1	1	1	1	1
1821	2	8	4	2	2	1	1	1	21	0	0	0	0	1	6	1	0	0	1	0	1	1	1	1.6	2	2.2	3.33333333333333	1.5	1
1822	6	2	1	1	2	1	1	1	26	0	1	0	0	0	6	0	0	0	0	1	1	1	1.5	2.4	2	3.2	3	3	3
1823	1	0	0	1	1	1	1	1	18	0	0	1	0	0	8	1	0	0	0	0	1	2.5	3.5	2.4	2.5	2.2	3.33333333333333	2	4.5
1824	9	12	12	2	2	2	1	1	27	0	1	0	0	0	5	0	0	0	1	0	1	1	1	1.8	1.75	2.4	3.33333333333333	4	2.5
1825	5	6	0	2	1	1	1	1	42	0	0	0	0	0	6	0	0	0	1	1	1	1	1	2	2	2.6	2.66666666666667	3.5	3
1826	1	7	0	2	1	1	1	1	36	0	1	0	0	0	3	0	0	1	1	0	1	1	1	2	2	2.2	3.33333333333333	4	3
1827	7	8	7	1	1	2	1	1	19	0	0	0	0	0	5	1	0	0	1	0	1	1	1	3.4	3.5	3	3.33333333333333	3.5	3
1828	8	8	10	1	2	1	1	1	40	0	0	0	1	0	7	0	0	1	1	1	2	2	2	2.8	3	3	3.66666666666667	3	4
1829	1	8	3	1	1	1	1	1	35	0	1	0	0	1	6	0	0	0	0	1	1	1	1	1.8	1.75	1.8	2	2.5	1
1830	6	9	7	1	1	1	1	1	22	0	0	0	0	0	5	0	0	0	1	0	1	1	1.5	1.8	1.5	1.4	2.66666666666667	2.5	3
1831	4	7	3	1	1	1	1	1	32	0	0	0	1	0	3	0	0	0	1	1	1	1.5	1	2	2	2	2	2	2
1832	4	8	7	2	2	1	1	1	26	0	0	0	0	0	6	0	0	1	1	0	1	1	1	2.6	2	2.2	3.66666666666667	3.5	3
1833	28	16	13	2	1	1	1	1	20	0	0	0	0	0	4	0	1	0	1	0	2	2	2	2	2	2.6	2	2.5	2.5
1834	0	10	2	2	2	1	1	1	29	0	0	0	0	0	5	0	1	0	1	0	1	1	1	1.6	1	1.8	4	5	4.5
1835	16	9	7	2	1	1	1	1	38	0	0	0	0	0	3	0	0	0	1	0	2	1.5	2	2.4	3	3	2.33333333333333	3	2.5
1836	9	7	7	1	1	1	1	1	40	0	0	0	0	0	6	0	0	0	1	1	2	1.5	3	2.8	2.5	2.8	3.66666666666667	3.5	3
1837	4	6	13	1	1	1	1	1	24	0	0	0	0	0	5	0	0	0	1	0	1	1	1	1	1	1	3	3	1
1838	0	5	2	2	2	1	1	1	28	1	0	0	0	1	5	0	0	0	1	0	3	3	3	2.6	2.75	2.6	3.33333333333333	2	2.5
1839	0	5	0	2	2	1	1	1	22	0	1	0	0	0	4	0	0	0	1	0	1	1	1	2.4	2.25	2.2	2.66666666666667	3	3
1840	4	2	0	2	2	2	1	1	32	0	0	0	0	1	6	0	1	0	1	0	1	1.5	3	1	1.75	2.8	2.66666666666667	4.5	3.5
1841	0	2	2	2	1	1	1	1	36	0	0	0	0	0	6	0	0	0	1	0	1	1	1	1	1	1.8	4.33333333333333	4	3
1842	11	21	5	2	1	1	1	1	24	0	0	0	1	0	7	0	0	0	1	0	1	1	1	1.8	2	3	3	3	2
1843	1	1	1	1	1	1	1	1	31	0	1	0	0	0	1	0	0	0	1	0	3	2	2.5	2.4	2.25	2.8	3.66666666666667	4	4
1844	8	6	2	2	1	1	1	1	38	0	0	0	0	1	8	0	0	0	0	0	1	1	1	2	2.5	2.6	3.33333333333333	3.5	3
1845	25	17	20	2	2	2	1	1	22	0	0	0	0	0	5	0	0	0	1	0	1	1.5	1	2.2	1.75	1.2	4	4	4
1846	12	5	4	1	1	1	1	1	35	0	1	0	0	0	6	0	0	0	0	1	1	1.5	1.5	2.4	2.5	2.6	3.66666666666667	3.5	3
1847	2	8	4	1	2	1	1	1	23	0	0	0	0	1	6	1	0	0	1	0	1	1	1	2.6	2	2.4	4.33333333333333	4	3
1848	29	5	5	1	1	1	1	1	20	0	1	0	0	0	7	1	0	0	1	0	1	2	2	1.4	2	2.8	4	4.5	2.5
1849	2	8	7	1	1	1	1	1	44	0	0	0	0	1	6	0	0	0	1	0	1	1	1	3.4	3.5	3	2.33333333333333	2	1
1850	5	20	17	2	2	2	1	2	28	0	0	0	0	0	1	0	1	0	1	0	1	1.5	1	2.2	3.25	2.6	3	4	3
1851	0	0	0	1	1	2	1	1	18	0	0	0	0	0	4	1	0	0	1	0	1	1	1	2.8	3	3.2	2	2	2
1852	0	0	0	1	1	1	1	1	33	0	1	0	0	1	6	0	0	0	0	1	1	1	1	2.2	1	1.8	3	3	3
1853	0	0	0	1	2	1	1	1	32	0	1	0	0	1	6	0	0	0	1	0	1	1	1	3	3	3	3	3	3
1854	2	4	0	1	1	1	1	1	22	0	0	0	0	0	9	0	0	0	1	0	1	1.5	1	3	3	3	3	3	3
1855	5	4	1	1	1	1	1	1	52	0	1	0	0	0	1	0	0	0	0	1	1	1	1	2.6	2	3	4.33333333333333	4	3.5
1856	1	5	5	2	1	1	1	1	31	0	0	0	0	0	7	0	0	0	1	0	2	1.5	1.5	2	2	3.2	2.66666666666667	3	3.5
1857	4	6	0	1	1	1	1	1	56	0	0	0	0	0	5	0	0	1	0	1	1	1	1	2.4	2	2.6	3.66666666666667	3	2.5
1858	7	8	4	1	1	1	1	1	33	0	0	0	0	0	8	0	0	0	1	0	3	2.5	2.5	1.8	1.75	2.4	3.66666666666667	3	3
1859	7	5	7	1	1	1	1	1	21	0	0	0	0	0	2	1	0	0	1	0	1	1.5	2.5	3.6	4	4	1.66666666666667	2	2
1860	0	7	5	1	1	1	1	1	21	0	1	0	0	0	7	1	0	0	1	0	1	1	1	1.4	1.5	2.6	2.33333333333333	2.5	1.5
1861	11	9	7	1	1	1	1	1	27	0	0	0	0	0	2	0	0	0	0	0	1	1	1	1.6	2	2.4	4	4.5	2.5
1862	0	7	7	2	1	1	1	1	40	0	0	0	0	0	7	0	0	0	0	0	2	2	2	3	3	3	3	3	3
1863	1	2	2	1	1	1	1	1	35	0	0	0	0	0	8	0	0	0	0	0	1	1	3	1	1.25	2.6	1	1	1.5
1864	11	12	9	1	1	1	1	1	33	1	0	0	0	0	2	0	0	0	0	0	2	1	2	1.2	1.25	2.2	4.33333333333333	4	3
1865	11	4	5	2	2	2	1	1	22	0	0	0	0	0	7	1	0	0	1	0	1	1	1	1.6	1.5	2.2	4.66666666666667	5	4
1866	3	2	0	2	1	2	1	1	29	0	0	0	0	1	6	0	0	0	0	0	1	1	1	1.4	2	3	2.66666666666667	3.5	1.5
1867	12	10	12	1	1	1	1	1	42	0	1	0	0	0	3	0	0	0	0	0	1	1	1	2.2	2.75	3.2	2	2.5	2.5
1868	10	17	14	2	2	2	1	1	21	0	0	0	0	0	3	1	0	0	1	0	1	1.5	1	1.8	2.75	1.6	2.66666666666667	2	3
1869	0	6	14	2	2	2	2	2	27	0	0	0	0	0	5	0	1	0	1	0	1	1	1	1.6	1.5	1.6	4.66666666666667	5	5
1870	5	13	8	2	1	1	1	1	29	0	0	0	0	0	5	0	0	0	1	0	1	1.5	1.5	2.2	1	2	3.33333333333333	4	3.5
1871	1	3	0	1	1	1	1	1	27	0	0	0	0	0	4	0	0	0	0	0	1	1	1	1.8	2	1.4	3.66666666666667	3	3
1872	2	6	7	2	1	1	1	1	47	0	0	0	0	0	7	0	1	0	1	0	1	1	1	1.4	2	1.8	4.33333333333333	5	5
1873	0	0	0	1	1	1	1	1	24	0	0	0	0	1	7	1	0	0	0	0	1	1	1	1	1	3.2	5	5	5
1874	7	8	9	2	2	1	1	1	22	0	0	0	0	0	5	0	1	0	1	0	1	1	1	1.4	1.75	2.4	3.66666666666667	3.5	2.5
1875	0	0	0	1	1	1	1	1	34	0	0	0	1	0	10	0	0	1	1	0	1	1	1	1	2	1.8	3.66666666666667	5	4
1876	6	11	1	1	1	1	1	1	23	0	1	0	0	0	3	1	0	0	0	1	5	5	3	1	1	1	1	1	1
1877	0	6	0	1	1	1	1	1	22	0	1	0	0	0	5	0	1	0	0	0	1	1	1	2.4	2	2.4	3	3	3
1878	1	6	6	2	1	1	1	1	28	0	0	0	0	1	6	1	0	0	0	0	1	1	1	2	2.5	3.2	4	3.5	3.5
1879	3	15	12	2	1	1	1	1	39	0	0	0	0	0	6	0	0	0	0	0	1	1	1	1.4	2.25	2.6	3.66666666666667	3.5	3
1880	0	15	5	1	1	1	1	1	41	0	0	0	1	0	3	0	0	0	0	1	1	1	1	3	3	3	3	3	3
1881	1	0	0	2	2	2	1	1	27	0	0	0	0	0	5	0	0	0	1	0	1	1	1	1.2	1	1.4	3.33333333333333	3.5	3
1882	3	1	0	2	1	1	1	1	24	0	0	0	0	1	7	0	0	0	1	0	1	1	1	1.8	1.5	1.4	5	5	3.5
1883	1	6	3	2	1	1	1	1	22	0	0	0	0	0	4	0	0	1	1	0	1	1	1	1.4	2.5	2	3	4.5	2.5
1884	0	0	0	2	1	1	1	1	18	0	0	0	0	0	8	1	0	0	0	0	1	1	2	2.8	2.25	3.2	3.66666666666667	3	3
1885	6	2	4	2	1	1	2	1	25	0	1	0	0	0	4	0	0	0	1	0	2	1.5	2	2.4	2.5	2.6	2.33333333333333	2	2
1886	4	11	3	2	2	2	1	2	20	0	1	0	0	0	6	1	0	0	1	0	1	1.5	2	1.8	1.5	3.4	4.33333333333333	3	3.5
1887	2	2	0	1	2	1	1	1	48	0	0	0	0	0	5	0	0	0	1	0	1	1	1	2	1	2.4	4	4.5	4
1888	0	0	3	2	1	1	1	1	35	0	1	0	0	0	7	0	0	1	1	0	1	1	1	2	2.25	2	3	3.5	3
1889	0	0	0	1	1	1	1	1	31	0	0	0	1	0	7	0	0	0	1	0	3	3	3	3	2.75	2.8	3	3	4
1890	3	1	0	1	1	2	1	1	35	0	1	0	1	0	6	0	0	1	0	0	1	1	1	1.8	1	2.6	2.66666666666667	3.5	3
1891	0	0	0	1	1	2	1	1	27	0	0	0	0	1	7	0	0	0	0	0	1	1	1	1	1	1	1	1	1
1892	3	3	3	1	1	1	1	1	49	0	0	0	0	0	6	0	0	0	1	0	1	1	1	2.4	1.75	2.8	3.33333333333333	4	2
1893	6	5	0	1	1	1	1	1	37	0	0	0	0	0	6	0	0	0	0	0	1	1	1	2	2	3	2.33333333333333	3	3
1894	6	8	7	1	1	1	1	1	35	1	1	0	1	0	3	0	0	0	1	1	1	1.5	1	1.8	3.25	2.8	3	3	3
1895	3	3	0	1	2	1	1	1	23	0	0	0	0	1	8	1	0	0	1	0	1	1	1	1.6	2.25	3	2.66666666666667	3	1.5
1896	12	15	12	2	1	1	1	1	24	0	0	0	0	0	6	0	1	0	1	0	1	1	1.5	3	2.75	2.6	3.66666666666667	3	3
1897	0	5	2	1	1	1	1	1	26	0	0	0	0	0	4	0	0	0	0	0	1	1	1	2.6	2.5	3.2	3.66666666666667	4	3
1898	16	17	11	2	2	2	1	1	24	0	0	0	0	0	5	0	0	0	1	1	2	2	2	3.2	3	3.6	3	3	3
1899	4	10	6	1	1	1	1	1	26	0	0	0	1	0	6	0	0	0	1	0	1	1.5	1	3.4	3	3.6	3.66666666666667	4	3
1900	3	0	0	1	1	1	1	1	35	0	0	0	0	0	8	0	0	0	0	0	1	1	1	1	1	1	1	1	1
1901	7	6	5	1	2	1	1	1	22	0	1	0	0	0	5	0	1	0	0	0	2	2	2.5	2.4	2.25	2	4	4	3
1902	4	0	0	2	2	1	1	1	25	0	0	0	0	1	8	0	0	0	1	0	1	1	1	1	1	1	1	1	1
1903	1	1	2	2	1	1	1	1	40	0	0	0	1	0	1	0	1	0	0	0	2	2	1	1	1	1.4	2.33333333333333	2	1
1904	1	0	0	1	2	1	1	1	18	0	1	0	0	0	5	1	0	0	0	0	1	1	1.5	1.2	1.75	2.2	4	4	4.5
1905	5	5	3	1	1	1	1	1	33	0	0	0	0	0	7	0	0	0	0	0	1	1	1	1.8	1	1.8	3	3.5	3
1906	4	9	7	1	2	2	1	1	21	0	1	0	0	0	6	1	0	0	1	0	1	1	1	2	2.75	3.4	3.33333333333333	3.5	4
1907	0	5	0	1	1	1	1	1	18	0	0	0	1	0	4	1	0	0	0	0	1	1	1	2.4	1.75	3.6	2.66666666666667	4	2
1908	33	17	16	1	2	1	1	1	26	0	0	0	0	0	1	0	1	0	1	0	1	2	1.5	2	2	2.4	3	2	3
1909	5	5	3	1	1	1	1	1	32	0	0	0	0	0	7	0	0	1	0	0	1	1	1	2	3.5	3.4	3	3.5	2
1910	3	5	1	1	2	1	1	1	45	0	1	0	0	0	2	0	1	0	1	0	1	1	1	2	3.25	2.6	2	3	3
1911	3	5	12	2	1	1	1	1	35	0	0	0	0	0	2	0	0	0	1	0	1	1	1	3.2	3	4	1.66666666666667	3	3
1912	8	3	0	1	1	1	1	1	35	0	0	0	0	0	6	0	0	0	1	0	2	1	1	1	1	2.4	2.33333333333333	3.5	1
1913	0	7	6	1	1	1	1	1	24	0	0	0	0	0	4	0	0	0	1	0	1	1	1	1.2	1.5	1.8	4	4	3
1914	17	12	7	2	2	2	2	1	30	0	0	0	0	0	5	0	0	0	1	0	1	1	1	1.2	2	1.4	4.33333333333333	4.5	4
1915	9	14	8	1	2	1	1	1	23	0	0	0	0	0	6	0	0	0	1	0	1	1	1.5	1.6	1.75	2	3.33333333333333	3	4
1916	0	0	0	1	1	1	1	1	61	0	1	0	0	0	5	0	0	1	0	0	1	1	1	2.8	2.5	3	3	3.5	3
1917	23	13	6	2	2	2	1	1	19	0	1	0	0	0	7	1	0	0	1	0	1	2	1.5	1	2.75	2	4.33333333333333	4.5	2.5
1918	32	18	14	1	1	1	1	1	37	0	0	1	1	0	5	0	0	1	1	0	3	3	3	3	3	3	3	3	3
1919	10	6	7	2	1	1	1	1	20	0	1	0	0	0	4	1	0	0	1	0	1	1	1	2.2	2.5	2.6	3.66666666666667	3.5	2.5
1920	4	6	4	1	1	1	1	1	49	0	1	0	0	0	6	0	0	0	0	0	1	1	1	3	3.25	3.8	1.66666666666667	1.5	2
1921	10	6	6	2	1	1	1	1	21	0	0	0	0	0	7	1	0	0	1	0	1	1.5	1	1.2	1.5	1.6	3.66666666666667	4	5
1922	7	9	6	2	2	1	1	1	26	1	0	0	0	0	6	0	0	0	1	0	1	1	1	3.4	1	1.4	5	5	4.5
1923	8	6	6	1	2	1	1	1	50	0	0	0	1	0	6	0	0	0	1	0	1	2.5	1.5	2.2	2.5	2.2	3	3.5	3
1924	0	1	0	1	1	1	1	1	33	0	1	0	0	0	6	0	0	0	0	1	1	1	1	3	3	3	3	3	3
1925	0	23	21	2	2	1	1	1	23	0	0	0	0	0	3	0	1	0	1	0	1	1	1	1.8	1	1.8	2.66666666666667	4	3
1926	5	6	6	1	1	1	1	1	35	0	0	0	0	0	7	0	0	0	0	0	1	1	1	2.2	1.75	2.4	3	3	3
1927	2	4	1	1	1	1	1	1	24	0	0	0	0	1	3	1	0	0	1	0	1	1.5	1.5	2.2	3.25	3.4	2.66666666666667	3.5	2.5
1928	0	5	6	1	1	1	1	1	31	0	0	0	0	0	6	0	0	0	1	0	1	1	1	1	2.25	2.8	3.33333333333333	3	3
1929	7	2	0	2	1	1	1	1	34	0	0	0	1	0	1	0	0	1	0	0	1	1	1	1.8	1	1.8	2.33333333333333	2	1.5
1930	9	16	10	1	1	1	1	1	27	0	1	0	0	0	5	0	1	0	1	1	1	1	1	2.4	3.25	3	2	2	4
1931	8	1	4	2	1	1	1	1	18	0	0	0	0	0	3	1	0	0	1	0	1	1	1.5	2.4	2.25	2	3.66666666666667	4.5	3
1932	0	4	1	1	1	1	1	1	23	0	1	0	0	0	7	0	0	0	0	0	1	1	1	2	2.5	1.2	2	1.5	2
1933	5	4	0	2	2	1	1	1	47	0	0	0	0	0	6	0	0	0	0	1	1	1	1	1	1	1	1	1	1
1934	5	4	4	2	1	1	1	1	30	0	1	0	0	0	5	0	0	0	1	0	1	1.5	1.5	1.6	2	2.2	4.66666666666667	4.5	4
1935	16	8	6	1	1	1	1	1	45	0	0	0	0	0	5	0	0	0	1	1	1	2	1	1.8	2.5	2.8	2.66666666666667	3	3
1936	1	5	1	1	1	1	1	1	49	0	0	0	0	0	6	0	0	0	0	1	1	1	1	1.6	2.5	2.8	2	2.5	1
1937	3	1	0	1	1	1	1	1	22	0	0	0	0	0	5	0	0	0	1	0	1	1	1	2.4	2.25	2.2	3	3	3.5
1938	0	0	0	1	1	1	1	1	55	0	0	0	0	1	3	0	1	0	0	0	1	1	1	1	1	1	1	1	1
1939	8	5	4	2	1	2	2	1	27	0	0	0	0	0	5	0	0	0	1	0	2	2	2	1.8	2	1.4	4	4	2
1940	8	8	2	1	1	1	1	1	25	0	1	0	0	0	3	0	0	0	0	0	1	1	1	2.2	2.75	3.6	3	3	3
1941	4	2	0	1	2	1	1	1	38	0	0	0	0	0	5	0	0	1	1	0	1	1	1	1.4	1	1.4	3.33333333333333	4	4
1942	0	0	0	1	1	1	1	1	19	0	0	1	1	0	7	0	0	1	0	0	1	1	1	1	1	1	1	1	1
1943	2	6	9	2	1	1	1	1	33	0	0	0	0	0	5	0	0	0	1	0	1	1	1	1	1.5	2.6	4	3.5	2.5
1944	6	13	6	1	1	2	1	1	34	0	0	0	0	0	2	0	1	0	0	0	1	1	1	2.2	2.25	3.6	2.33333333333333	4	3
1945	12	15	16	1	1	1	1	1	24	0	0	0	1	0	4	0	0	0	0	0	1	1.5	1	2.6	3.5	3	2.66666666666667	3	3.5
1946	0	0	0	1	1	1	1	1	34	0	0	0	0	0	1	0	0	0	1	0	1	1	1	1	1	1	1	1	1
1947	1	13	18	2	2	1	1	1	31	0	0	0	0	0	1	0	1	0	1	0	1	1.5	1	1	2	3.2	4.66666666666667	5	4.5
1948	0	0	3	1	1	2	1	1	26	0	0	0	0	0	4	0	0	0	1	0	1	1.5	1.5	3	2.75	3.8	3	3	3
1949	2	0	5	2	1	2	1	1	41	0	0	0	0	0	3	0	0	0	0	0	2	2	2	2.6	2.25	3	4	4	4
1950	5	3	0	1	1	1	1	1	27	0	1	0	0	0	8	0	0	0	0	0	1	1	1	2	3.25	3.2	4	3.5	3
1951	0	8	7	1	1	1	1	1	36	0	0	0	1	0	5	0	0	0	1	0	1	1	1	2.4	2	2.2	4.33333333333333	3.5	4
1952	2	13	14	1	1	1	1	1	24	0	0	0	1	0	5	0	0	0	0	0	1	1	1	2	2	2.4	2.66666666666667	3	3
1953	1	5	3	1	1	1	1	1	27	0	0	1	0	0	3	0	0	0	0	0	1	1	1	2.2	2.5	2.6	3.66666666666667	3	2
1954	1	9	4	2	1	1	1	1	28	1	1	0	0	0	4	0	0	0	1	0	1	1.5	1	2.4	2	2.8	4	4	3
1955	0	1	2	2	1	1	1	1	43	0	0	0	0	1	5	0	0	0	1	0	1	1	1	1.6	2.25	1.8	4.33333333333333	5	5
1956	6	11	4	1	1	2	1	1	30	0	0	0	0	1	9	0	0	0	1	0	2	1.5	1.5	2	2	2.2	4.33333333333333	5	4
1957	4	6	0	2	1	1	1	1	39	0	0	0	0	0	5	0	0	0	1	1	1	1.5	1	2	1.75	2.4	3.66666666666667	3.5	3.5
1958	11	7	3	2	2	2	1	1	23	0	0	0	0	0	7	0	0	0	1	0	2	1.5	1.5	1.6	2	1.8	3.66666666666667	4.5	2.5
1959	0	5	2	1	1	1	1	1	38	0	0	0	0	0	6	0	0	0	0	1	1	1	1	1.6	1	1.2	3.66666666666667	4.5	4
1960	14	10	6	2	1	2	1	2	28	0	1	0	0	0	3	0	0	0	1	0	2	1.5	1.5	1.2	2	3.2	3.66666666666667	3	4
1961	5	10	4	1	2	1	1	1	25	0	1	0	0	0	2	0	0	1	1	0	1	1	2	3.6	4	4	3.33333333333333	2.5	2.5
1962	5	11	6	1	1	1	1	1	30	0	0	0	0	0	3	0	0	0	0	0	1	1	1	3.8	3.5	4.2	2	3.5	2
1963	1	0	0	2	2	1	1	1	18	0	0	0	0	1	10	1	0	0	1	0	1	1	1	3	3	3	3	3	3
1964	0	2	2	2	2	1	1	1	43	0	0	0	0	0	5	0	0	0	1	0	1	1	1	1	1.25	1.4	4.66666666666667	5	5
1965	4	15	7	2	1	1	1	1	29	0	0	0	0	0	4	0	1	0	1	0	1	1	1.5	3	2.75	3	3.66666666666667	3	2
1966	6	2	0	2	1	1	1	1	43	0	0	0	1	0	5	0	0	0	1	0	1	1.5	1.5	1.8	1	1.4	3	4	2
1967	3	8	1	2	1	1	1	1	28	0	0	0	0	1	3	0	0	0	1	0	1	1	2.5	1.8	1.25	2.6	4	3.5	1
1968	16	14	12	1	1	1	1	1	33	0	0	0	0	0	7	0	0	0	1	0	1	1	1	1	1.5	2.2	3	3	1
1969	10	8	6	1	1	1	1	1	41	0	1	0	0	0	2	0	0	0	1	0	1	1	1	2	1.75	3.2	2	1	1
1970	8	7	2	2	2	2	1	1	25	0	0	0	0	1	8	1	0	0	1	0	1	1	1	1.2	1	1	5	5	4
1971	1	6	5	1	1	1	1	1	28	0	0	0	0	0	5	0	0	0	0	0	1	1.5	2	1.4	2.25	2.8	4	3.5	2
1972	5	5	1	2	2	2	1	1	23	0	0	0	0	0	5	0	0	0	1	0	1	1	1	2.8	3	3.4	3	3.5	3
1973	0	1	1	2	1	1	1	1	39	0	0	0	0	0	7	0	0	1	1	0	1	1	1	1.8	1.75	2.8	4.66666666666667	4.5	3
1974	2	0	0	1	1	1	1	1	46	0	0	0	0	0	6	0	0	0	0	0	1	1	1	1	1	1	3.66666666666667	3	3
1975	6	8	4	2	1	2	1	1	24	0	0	0	0	0	6	0	0	0	1	0	1	1.5	1	2.2	1.25	2.2	3	4.5	4
1976	2	0	2	1	1	1	1	1	25	0	0	0	0	0	5	0	0	0	1	1	1	1.5	1.5	3.4	3.75	3.8	3	2	1.5
1977	0	0	0	1	1	1	1	1	28	0	1	0	0	1	10	0	0	0	1	0	1	1	1	1	2	2.2	5	5	5
1978	0	0	0	2	1	1	1	1	27	0	1	0	0	0	5	0	0	0	1	0	1	1	1	3	2.5	2.2	3	3	3
1979	2	8	6	2	1	1	1	1	24	0	0	0	0	0	3	0	0	0	1	0	1	1	1	1.6	2.75	1.8	3.33333333333333	3.5	3
1980	7	7	1	1	2	2	1	1	25	0	0	0	0	0	6	0	0	0	1	0	1	1	1	1.2	1	1	3	4	3
1981	0	8	7	2	1	2	1	1	47	0	1	0	0	0	2	0	0	1	0	0	2	1	2	3.6	3.75	3.6	2	2	2.5
1982	0	3	2	2	1	1	1	1	35	0	0	0	0	0	6	0	0	0	0	0	1	1	1	2.2	2	2	4	4	4
1983	7	7	5	1	1	1	1	1	40	0	0	0	1	0	3	0	0	1	0	0	1	1	1	2.8	2.75	3.4	3	3	3
1984	12	15	9	1	1	1	1	1	34	0	0	1	0	0	6	0	0	0	1	0	1	1	1	2.4	2.5	3.2	2.66666666666667	3.5	3
1985	3	0	0	2	2	1	1	1	28	1	0	0	0	0	6	0	0	0	1	0	1	1	1	1.8	1	1.4	4.66666666666667	4.5	3.5
1986	0	0	0	2	1	2	1	1	45	0	0	0	1	0	7	0	0	0	1	1	1	1	1	2.8	2	1.8	2.66666666666667	3.5	3
1987	2	3	1	2	2	1	1	1	31	0	0	0	1	0	5	0	1	0	1	0	1	1	1	2.4	2	2.2	2.66666666666667	3.5	2.5
1988	16	9	7	2	2	1	1	1	22	0	0	0	0	0	5	0	0	0	1	0	3	3	3	3	3	3	3	3	3
1989	3	8	7	2	2	2	2	2	22	0	0	0	0	0	1	0	0	0	0	0	1	1	1	1	1	1	1	1	1
1990	4	9	7	1	2	1	1	1	33	0	1	0	1	0	4	0	0	0	0	1	2	2	2	2	2	2	2	2	2
1991	11	20	21	2	1	1	1	1	29	0	0	0	0	0	4	0	0	0	1	0	1	1	1	1.6	2.75	1.8	3	4	4.5
1992	4	1	0	1	1	1	1	1	53	0	0	0	1	0	5	0	0	0	0	0	1	1	1.5	1.6	1.75	2.8	3.33333333333333	3	3
1993	9	20	17	2	2	1	1	1	34	0	0	0	0	0	4	0	0	0	1	0	1	1	1.5	1.4	1.5	2.6	2	4	2.5
1994	10	5	4	1	1	1	1	1	34	0	0	0	0	0	4	0	0	0	1	0	1	1	1	2.4	1	2	3.66666666666667	3.5	3.5
1995	2	0	0	1	2	1	1	1	20	0	0	0	0	0	3	1	0	0	1	0	3	3	3	3	3	3	3	3	3
1996	4	18	14	2	2	1	1	1	22	0	0	0	0	0	1	0	1	0	1	0	1	1	1	2.4	2	2.2	4	4	3
1997	3	3	0	1	1	1	1	1	42	1	1	0	1	0	8	0	0	0	1	1	2	1.5	1.5	2	2	2.2	3.66666666666667	4	3.5
1998	2	8	7	2	1	1	1	1	22	0	1	0	0	0	3	0	1	0	0	0	4	4	4	3.4	4	3.4	3	3	2.5
1999	2	7	4	1	1	1	1	1	31	0	0	0	1	0	3	0	1	0	0	0	1	1	1	1.8	1	1.4	3	4	3
2000	16	7	7	1	1	1	1	1	60	0	0	0	0	0	6	0	0	1	0	1	1	1	1	3	2.75	3.2	2.33333333333333	2.5	3
2001	7	11	6	1	1	1	1	1	35	1	1	0	0	0	1	0	1	0	0	1	2	2	2	3.8	4.5	4.6	1	1	1
2002	4	9	7	1	1	1	1	1	31	0	0	0	0	0	5	0	0	0	0	0	1	1	1	2.2	2.25	2.4	2.66666666666667	3	3
2003	5	9	7	1	1	1	1	1	36	0	0	0	0	0	3	0	0	0	0	0	2	2	2	2.8	3.75	3.6	2.66666666666667	2.5	2
2004	0	0	0	2	1	1	1	1	30	0	0	0	0	0	7	0	0	1	0	1	1	1	1	1	1	1	1	1	1
2005	7	4	1	2	1	1	1	1	31	0	0	0	0	1	7	0	0	0	1	1	1	1	1	2.6	2.75	3	2.66666666666667	3	2.5
2006	5	0	0	1	2	1	1	1	49	0	0	0	1	0	5	0	0	0	0	0	1	1	1.5	2.8	2.25	2.8	2	2.5	2.5
2007	34	10	11	1	1	1	1	1	34	0	0	0	1	0	3	0	0	1	1	0	1	1	1	2.8	3.5	3.2	2.66666666666667	2.5	3
2008	12	13	8	2	2	2	1	1	24	0	0	0	0	0	3	0	0	0	1	0	2	3	2	3	3	3	3	3	3
2009	3	8	7	2	1	1	1	1	22	0	0	0	0	0	5	0	1	0	0	0	3	2	3.5	2.8	2.5	2.4	3	2.5	2.5
2010	10	7	6	2	2	1	1	1	25	0	0	0	0	0	5	0	0	0	1	0	4	2	3	1.6	1.5	1.8	4	4	3.5
2011	0	3	0	1	1	2	1	1	18	0	0	0	1	0	5	0	0	0	1	0	1	1.5	1	1.8	1	1.4	2.33333333333333	2	2
2012	10	2	1	2	2	2	1	1	40	0	0	0	0	1	9	0	0	1	1	1	1	1	2	1	2.25	2.2	4	4.5	3
2013	1	7	2	2	1	2	1	1	34	0	0	0	0	0	7	0	1	0	1	0	2	2	1.5	1	1.25	2.4	3.66666666666667	4.5	3
2014	11	8	6	2	1	1	1	1	33	0	0	0	0	0	5	0	0	0	1	0	1	1	1	2.8	3.25	3.4	3.33333333333333	4	2
2015	4	3	3	1	1	1	1	1	23	0	1	0	0	0	6	0	0	1	0	0	1	1	1	2.4	2.25	2.8	2.66666666666667	2.5	3
2016	0	8	12	1	1	1	1	1	38	0	0	0	0	0	3	0	1	0	0	0	1	1	1	3	3	3	3	3	3
2017	43	24	16	2	1	1	1	1	20	0	1	0	1	0	4	0	0	1	1	0	2	3.5	4	2.2	3	3.8	2.33333333333333	3	2
2018	0	1	1	1	1	1	1	1	30	1	0	0	0	1	6	0	0	1	1	0	1	1	1	1.8	2.25	2.8	3.66666666666667	3.5	3
2019	4	5	5	1	1	1	1	1	37	0	0	0	1	0	4	0	0	0	1	0	1	1	1	2	2	2.4	2.66666666666667	3	3
2020	12	10	6	1	1	1	1	1	22	0	0	0	1	0	5	0	0	0	1	0	1	1	1	2.2	2.5	2.6	3.33333333333333	3	2.5
2021	0	0	0	1	1	1	1	1	41	0	0	0	0	1	8	0	0	0	0	1	1	1	1	3.2	2.5	3.4	3.66666666666667	3.5	3
2022	0	0	0	1	1	1	1	1	18	1	1	0	1	0	6	1	0	0	0	0	1	1	1	1	1	1	1	1	1
2023	2	0	3	1	1	1	1	1	25	0	0	0	0	0	3	0	0	0	0	0	2	2	2	2.8	3.25	3.4	2.66666666666667	3.5	3
2024	2	0	0	2	1	2	1	1	28	0	0	0	0	0	6	0	0	0	1	0	1	1	1	1	1	1.2	4	4	3
2025	0	0	0	2	1	1	1	1	24	0	0	0	1	0	7	0	0	0	0	0	1	1	1	1	1	1	1	1	1
2026	17	12	7	1	1	1	1	1	37	0	0	0	0	0	5	0	0	0	1	0	2	2	2	2.2	3	2.8	3.66666666666667	3	3
2027	11	20	14	1	1	1	1	1	33	0	1	0	1	0	4	0	1	0	1	0	1	1.5	1.5	2.2	2.25	2.4	3.33333333333333	3	3
2028	3	3	4	2	1	1	1	1	24	0	0	0	0	1	4	0	0	0	1	0	2	1	1.5	2.2	3	2.2	2.66666666666667	2.5	3
2029	3	5	1	1	1	1	1	1	39	0	1	0	1	0	4	0	0	0	1	1	1	1.5	1	3	2.25	3	3.33333333333333	3	3
2030	6	8	7	1	2	1	1	1	19	0	1	0	0	0	6	1	0	0	1	0	1	1.5	1.5	3.2	2.5	4	3.33333333333333	3	1.5
2031	6	4	2	2	1	1	1	2	28	0	0	0	0	1	6	0	0	0	1	0	1	1	1	1.8	2	2.8	3.33333333333333	3	3
2032	7	10	6	1	2	1	1	1	31	0	0	0	1	0	5	0	0	0	0	0	2	1.5	1.5	2.4	2.75	3.6	3.33333333333333	4	2.5
2033	1	5	4	1	1	1	1	1	50	0	1	0	0	0	5	0	0	0	0	0	1	1	1	1.4	1	1.2	3.66666666666667	3.5	1
2034	43	15	14	2	1	2	1	1	23	1	0	0	0	0	5	0	1	0	1	0	1	2.5	1	2.4	1.75	2.4	5	5	4.5
2035	8	2	2	1	1	1	1	1	52	0	1	0	1	0	3	0	0	0	0	1	1	1	1	3	3	3.2	2.66666666666667	3	2.5
2036	8	11	7	2	2	2	1	1	20	1	0	0	0	0	6	1	0	0	1	0	1	1	1	2.2	2.5	2.8	3.33333333333333	2.5	3
2037	0	3	1	1	1	1	1	1	58	1	1	0	0	1	9	0	0	0	0	1	1	1	1	1.8	1	2.4	4.33333333333333	5	5
2038	12	5	2	2	2	1	1	1	32	0	0	1	0	0	1	0	1	0	1	0	1	1.5	1.5	2.4	2	2.6	3.33333333333333	3	2
2039	5	9	2	2	2	1	1	1	22	0	0	0	0	0	4	1	0	0	1	0	1	2	1	1.6	2	3.2	3.66666666666667	4	3.5
2040	0	0	0	1	1	1	1	1	41	0	0	0	0	0	4	0	0	1	0	0	1	1	1	2.4	2.25	2.2	3.33333333333333	3.5	3
2041	14	9	8	1	1	1	1	1	19	0	1	0	0	0	3	0	0	0	0	0	1	1	1	2.4	2.25	3.2	3	3.5	3
2042	7	8	7	1	1	1	1	1	18	0	0	0	0	0	3	1	0	0	1	0	2	2	2	2.6	3	3.8	3.66666666666667	4	4
2043	10	12	6	2	1	1	1	1	22	0	0	0	0	0	4	0	0	1	1	0	2	1.5	1.5	1.6	1	1.6	3.33333333333333	4	4.5
2044	2	3	0	2	1	1	1	1	36	0	0	0	0	0	6	0	0	0	1	0	1	1	1	1.4	1.75	1.8	3.66666666666667	3.5	4
2045	0	0	0	2	1	1	1	1	30	0	0	0	0	0	5	0	0	0	0	0	1	1	1	1.4	1	1.4	5	4.5	5
2046	2	1	7	1	1	1	1	1	20	0	1	0	1	0	4	0	0	1	0	0	4	3	4.5	4	4.25	4.8	3.33333333333333	2	4
2047	4	0	0	2	1	1	1	1	19	0	1	0	1	0	4	1	0	0	1	0	1	1	1	1	1	1.8	3	3	4
2048	1	4	4	1	1	1	1	1	32	0	0	0	0	0	5	0	1	0	0	0	1	1	1	1.2	1.5	1.8	3.66666666666667	4.5	3.5
2049	3	5	1	1	1	1	1	1	24	0	0	0	0	0	7	0	1	0	1	0	1	1	1	2	1.75	2.8	3.66666666666667	4	3
2050	16	25	17	2	2	2	1	1	19	0	0	0	1	0	1	0	0	0	1	0	1	1.5	2	1.4	1.75	1.2	3.66666666666667	3.5	3.5
2051	20	9	11	2	1	1	1	1	23	0	0	0	0	0	7	0	0	0	1	0	1	1.5	1.5	1.6	3.5	3.8	3.66666666666667	4	2.5
2052	0	0	0	1	1	2	1	1	48	0	0	0	1	0	7	0	1	0	0	0	1	1	1	1	1	1	1	1	1
2053	4	12	5	2	1	2	1	1	20	0	1	0	0	0	6	1	0	0	1	0	1	1	1	1.8	1	1.4	3	2	1.5
2054	5	5	0	2	2	2	1	1	31	0	0	0	0	0	5	0	0	0	0	0	1	1	1	1	1	1.4	4	5	3
2055	6	4	3	1	1	1	1	1	35	0	0	0	0	0	8	0	1	0	1	0	1	1	1	1.8	1	2.6	4.66666666666667	5	5
2056	0	0	0	2	1	1	1	1	23	0	0	0	1	0	1	0	0	0	0	0	5	5	5	5	5	5	5	5	5
2057	2	1	0	1	1	1	1	1	44	0	0	0	0	1	8	0	0	1	1	0	1	1	1	1	1	2.2	3	5	3
2058	46	27	19	2	1	1	1	1	24	0	0	0	0	0	1	0	1	0	1	0	2	1.5	1.5	2	2	2.4	2	2	2
2059	15	2	2	1	1	1	1	1	46	0	0	0	1	0	1	0	0	1	0	0	1	1	1	1.8	1	1.8	3.33333333333333	4	2
2060	14	12	6	2	1	1	1	1	37	0	0	0	0	0	7	0	1	0	1	0	1	1	1	1.8	2.5	2.6	3.66666666666667	4	2
2061	4	4	0	2	2	2	1	1	26	0	0	0	1	0	2	0	1	0	1	0	1	1	1	1.4	2	1.4	5	5	5
2062	0	2	1	2	1	1	1	1	29	0	1	0	0	0	4	0	0	0	0	0	1	1	1	2	2.75	2.6	3	3	3
2063	2	2	0	1	1	1	1	1	40	0	0	0	1	0	5	0	0	0	1	0	1	1	1	1	1	1	1	1	1
2064	5	9	6	1	1	1	1	1	34	0	1	0	0	0	7	0	0	0	0	1	1	1	1	2.8	3	3	3	3	3
2065	1	8	7	1	1	2	1	1	26	1	0	0	0	0	4	0	0	0	1	0	2	2	1.5	2.2	3.25	2.6	4.33333333333333	4	2.5
2066	0	1	0	1	2	1	1	1	22	0	1	0	0	0	3	1	0	0	0	0	1	1	1	1.6	1	2.6	2	2	2.5
2067	0	0	0	2	1	1	1	1	22	0	1	0	0	0	5	1	0	0	0	0	1	1	1	1	1	1	1	1	1
2068	6	1	2	2	1	1	1	1	34	0	0	0	0	0	6	0	0	0	0	1	1	1	1	2.2	2.25	2.6	3	3.5	3
2069	0	0	0	1	1	1	1	1	43	0	1	0	1	0	4	0	0	0	0	0	1	1	1	1.6	1	1.8	2.33333333333333	1	1
2070	14	7	12	1	1	1	1	1	28	0	0	0	0	0	1	0	0	0	0	0	2	2	2	2.8	3	3	3	3	3
2071	4	4	0	1	1	1	1	1	25	0	1	0	1	0	5	0	1	0	0	0	1	1	1	2	2.25	2.8	3	3	3
2072	13	5	12	1	1	1	1	1	37	0	0	0	0	0	6	0	0	0	0	0	1	1.5	1	2.2	2.75	3	2.33333333333333	3.5	2
2073	0	7	2	1	1	1	1	1	28	0	0	0	0	0	6	0	0	0	1	0	1	1	1	3	3	3	3	3	3
2074	17	5	0	1	1	1	1	1	28	0	0	0	0	0	4	0	0	0	0	0	1	1.5	1	2	2	2.8	3.33333333333333	4.5	4
2075	5	10	10	2	2	2	1	1	35	0	0	0	0	0	3	0	1	0	1	0	2	1.5	2	1.6	1.75	1.4	3.33333333333333	4	2.5
2076	0	0	0	1	2	1	1	1	23	0	0	0	0	0	3	0	1	0	1	0	2	1.5	2	2	3.25	3	3	4	1.5
2077	1	4	0	2	2	1	1	1	30	0	0	0	0	1	7	1	0	0	1	0	1	1.5	1	1	1	1.6	4.33333333333333	4.5	3
2078	0	0	0	2	2	1	1	1	22	1	1	0	0	1	9	0	0	0	0	0	1	1	1	1	1	1	1	1	1
2079	12	5	10	1	1	1	1	1	47	0	1	0	0	1	8	0	0	0	0	1	1	1	1	3.4	3.5	4.4	3	2.5	2
2080	2	21	16	1	1	1	1	1	23	1	0	0	0	0	5	1	0	0	0	0	1	1	1	1.8	1	1.4	3.66666666666667	5	1
2081	0	5	0	1	1	1	1	1	41	0	1	0	1	0	7	0	0	0	0	1	1	1	1.5	2.6	2.5	2.2	4	4	4
2082	3	2	1	1	1	1	1	1	35	0	1	0	0	1	7	0	0	0	1	1	1	1	1	1.8	1.75	2.2	2.66666666666667	3	3
2083	8	23	10	2	1	1	1	1	27	0	0	0	0	0	3	0	0	0	1	0	1	1.5	1.5	2	1	1.8	1.33333333333333	3.5	2
2084	6	2	1	2	1	2	1	1	58	0	0	0	0	1	9	0	0	0	0	0	2	1.5	2	3	4.5	3.8	3	3	1
2085	0	0	0	1	1	1	1	1	28	0	0	0	0	1	4	0	0	1	1	0	1	1	1	1.6	1.25	1.6	3	2.5	3
2086	11	3	3	1	1	1	1	1	26	0	0	0	1	0	5	0	0	0	1	0	1	1.5	1.5	2.4	2.75	3	4.66666666666667	3.5	3.5
2087	5	9	7	2	1	1	1	1	32	0	1	0	0	0	1	0	0	0	1	1	2	2.5	2.5	3.6	3.75	3.6	3	3	3
2088	0	6	5	1	1	1	1	1	42	0	0	0	1	0	4	0	0	1	0	1	1	1	1	2.8	2	2.4	2.66666666666667	3	2
2089	16	9	6	1	2	2	1	1	20	0	0	0	0	0	4	1	0	0	1	0	1	1	1	2	2.5	2	3.33333333333333	3.5	3
2090	0	2	2	1	1	1	2	1	40	0	0	0	0	0	8	0	0	1	0	0	1	1	1	1.8	2	1.4	4.33333333333333	5	5
2091	4	5	4	2	2	1	1	1	36	0	0	0	0	0	6	0	0	0	1	1	1	1	1	2	2	2.4	3	3	3
2092	4	2	0	1	1	1	1	1	70	0	1	0	0	0	7	0	0	1	1	1	1	1	1	2.2	2.25	1.8	4.33333333333333	4	4
2093	1	2	0	1	1	1	1	1	22	0	1	0	0	0	3	1	0	0	0	0	1	1	1	1.8	2.25	3	1.33333333333333	1.5	2
2094	3	6	2	2	1	1	1	1	28	1	0	0	0	0	7	0	1	0	1	0	1	1	1.5	1.6	2.5	1.8	4	3	3
2095	0	5	3	1	1	1	1	1	32	0	0	0	0	1	2	0	0	0	0	0	1	1	1	1.8	1.5	3.4	4	4	3
2096	4	13	5	2	1	1	1	1	32	0	0	0	0	0	5	0	0	0	1	0	1	1.5	1	1.6	2.5	2.4	3	3	2
2097	13	3	6	1	1	1	1	1	39	0	1	0	0	0	5	0	0	0	0	1	1	1	1	3.2	3.25	3.8	2.66666666666667	3	3
2098	14	9	5	1	1	1	1	1	25	0	0	0	0	0	4	0	0	0	0	0	1	1	1.5	2	4	4.2	3.33333333333333	3.5	1
2099	21	4	9	1	1	1	1	1	29	0	0	0	0	0	6	0	0	0	0	0	3	3	3	2.6	3	2.4	1	1	1
2100	1	1	0	1	1	2	1	1	49	0	0	0	1	0	3	0	0	0	1	1	1	1	1	2.2	2.5	2.4	2.66666666666667	3	2.5
2101	22	9	8	1	1	1	1	1	20	0	0	0	0	1	7	1	0	0	0	0	1	1	1	1.4	1.5	1.4	2.66666666666667	3	2.5
2102	12	7	6	2	1	1	1	1	40	0	0	0	0	1	6	0	0	0	1	0	1	1	1.5	2.2	2.25	3	3	3	3
2103	0	0	0	1	1	1	1	1	26	0	0	0	0	1	6	1	0	0	0	0	1	1	1	2.2	2	2.8	3.33333333333333	3	2
2104	6	10	4	1	1	1	1	1	33	0	1	0	0	1	7	0	0	0	0	0	3	3	3	2.4	2.75	2.4	3.33333333333333	3.5	2.5
2105	0	0	0	1	1	1	1	1	34	0	0	0	0	0	6	0	0	0	1	0	1	1	1	2.2	2	2.4	2	2	2
2106	4	2	0	2	1	1	1	1	30	0	0	0	0	0	7	0	0	0	1	0	1	1	1	2	1.75	2.6	1.66666666666667	3	3
2107	0	0	0	2	1	1	1	1	25	0	1	0	0	1	7	0	0	0	0	0	1	1	1	1	1	1	1	1	1
2108	12	15	13	2	2	2	1	1	31	0	0	0	0	1	5	0	1	0	1	0	3	3	4	2.2	2	3	4.33333333333333	4	2.5
2109	1	9	6	2	1	1	1	1	22	0	0	0	0	0	7	1	0	0	1	0	1	1.5	1	2.4	3	2.4	4.33333333333333	4	3
2110	6	4	6	1	1	1	1	1	37	0	1	0	0	1	7	0	0	0	0	0	1	1	1.5	1	1	1.6	3.33333333333333	3.5	2
2111	10	9	7	2	1	1	1	1	55	0	0	0	0	0	5	0	0	0	0	1	1	1.5	1	2.8	3.5	3.8	2	2	2.5
2112	2	1	0	2	2	1	1	1	29	0	0	0	0	0	5	0	0	0	1	0	1	1	1	1	1.75	1	3.66666666666667	3.5	4
2113	1	2	1	1	1	1	1	1	34	0	1	0	1	0	4	0	0	0	1	0	1	1	1	2.4	3	3.2	2.33333333333333	2	3
2114	3	5	1	1	1	1	1	1	31	0	0	0	0	1	7	0	0	0	0	0	1	1	1	2	2	3.2	2.66666666666667	3	2
2115	11	13	10	1	2	2	1	1	30	0	0	0	0	0	5	0	0	0	1	0	3	3	2	1.6	2	3.4	4	4	2
2116	8	3	1	2	2	1	1	1	39	1	0	0	0	1	5	0	0	0	1	0	1	2	1	1.4	2.5	2.2	1	1.5	1
2117	13	9	7	1	1	1	1	1	38	0	0	0	1	0	4	0	0	0	0	0	2	3	2.5	2.6	2.5	2.6	2.66666666666667	2.5	3
2118	0	6	20	2	2	2	1	1	49	1	0	0	0	0	1	0	1	0	1	0	1	1	1	1.4	2	1.4	5	5	5
2119	10	8	7	1	1	1	1	1	25	1	0	0	1	0	2	0	1	0	0	0	1	1	1	3	3	3.2	3	3	3
2120	8	15	13	2	2	1	1	2	47	0	0	0	0	0	3	0	0	0	1	0	1	1.5	2	3	3.25	3.8	2.33333333333333	3	3
2121	2	6	1	2	1	1	1	1	21	0	0	0	0	0	5	1	0	0	1	0	2	3.5	1.5	1	1	1.2	4.66666666666667	5	4.5
2122	1	3	5	1	1	1	1	1	43	0	1	0	0	0	5	0	0	0	0	0	2	2	2	2	2	2.6	3	2	2
2123	12	5	1	1	1	1	1	1	21	0	1	0	0	0	8	1	0	0	0	0	2	2	2	2.8	2.75	3.2	4	2.5	2.5
2124	2	3	3	1	1	1	1	1	67	0	0	1	0	0	6	0	0	1	0	0	1	1.5	1.5	2.2	2.25	3	3	3	3
2125	4	3	0	1	1	1	1	1	40	0	0	0	1	0	3	0	1	0	0	0	1	1	1.5	2.6	1.75	3.8	3.66666666666667	4	4
2126	0	7	4	1	1	2	1	1	30	0	1	0	0	1	7	0	0	0	0	0	1	1	1	3	3	3	2.66666666666667	3	2.5
2127	0	0	0	2	1	1	1	1	28	0	0	1	0	0	8	0	0	0	1	0	1	1	1	1	1	1.2	1	1	1
2128	14	12	7	1	1	2	1	1	28	0	0	0	0	0	5	0	0	0	1	0	2	1.5	1.5	1.8	1	1.8	5	5	5
2129	0	12	10	2	1	1	1	1	30	0	0	0	0	0	1	0	0	0	1	0	1	1	1	2.8	2.5	2	3.33333333333333	4	4
2130	0	2	2	2	1	2	1	1	31	0	0	0	0	0	6	0	0	0	1	0	2	1.5	2	2.4	2.25	2.2	3	3	3
2131	7	6	1	1	1	1	1	1	48	0	0	0	0	0	6	0	0	0	1	0	1	1.5	1	1	1	1	1	1	1
2132	2	4	0	1	1	1	1	1	32	1	0	0	0	1	6	0	0	0	1	0	3	3	3	2.6	4	4.8	1	1	1
2133	6	3	2	1	1	1	1	1	25	0	1	0	0	0	6	0	0	0	0	0	1	1	1.5	2.4	3.25	3.6	3	3.5	2.5
2134	18	23	17	1	1	1	1	1	43	0	0	0	0	0	1	0	1	0	1	0	1	1.5	2.5	2.6	4	3	3.66666666666667	3	2
2135	2	9	7	2	2	2	2	2	30	0	0	0	0	0	6	0	0	1	1	0	1	1	1.5	1	1	1.2	4.66666666666667	5	3
2136	12	6	7	1	1	1	1	1	28	0	1	0	0	0	1	0	1	0	0	0	2	2	2	3	3	3	3	3	3
2137	4	6	0	1	2	1	1	1	32	0	0	0	1	0	4	0	0	0	1	0	1	1	1.5	1.8	2.25	3.2	3.66666666666667	4	3.5
2138	15	8	6	2	2	2	1	1	30	0	1	0	0	1	5	0	0	0	1	1	1	2	2	2.4	2	1.6	2	2	2
2139	2	0	0	2	1	1	1	1	34	1	1	0	0	0	2	0	0	1	0	0	1	1	1	3.4	3.25	2.8	4	4	4
2140	0	0	0	1	1	1	1	1	27	0	0	0	0	0	5	0	0	0	1	0	1	1	1	1	1	1	1	1	1
2141	16	7	2	2	2	2	1	1	23	0	0	0	0	1	8	1	0	0	1	0	1	2	1.5	1	2.5	2.2	5	4	3.5
2142	4	4	7	1	2	1	1	1	46	0	0	0	1	0	5	0	1	0	0	0	1	2	1.5	2.8	2.75	2.2	4	4	4
2143	12	2	4	2	2	1	1	1	35	0	1	0	0	0	7	0	0	0	1	1	4	2	3	1.8	2	2	2	2	3
2144	10	9	7	2	2	2	1	1	31	0	0	0	1	0	6	0	0	0	0	0	2	1.5	1.5	1.4	1	1.6	3.66666666666667	4	4
2145	58	14	15	2	2	1	1	1	22	0	1	0	0	1	2	1	0	0	0	0	3	3.5	3	3	3	2.8	3.33333333333333	3.5	2.5
2146	37	17	14	1	1	1	1	1	22	0	0	0	0	0	4	0	0	0	0	0	4	4	4	4	4.25	4.2	4	3.5	3.5
2147	27	18	13	1	1	1	1	1	24	0	0	0	0	1	1	1	0	0	1	0	1	1	1	3	3	2.8	3	3	2.5
2148	6	6	4	2	1	1	1	1	32	0	0	0	1	0	5	0	0	0	1	0	1	1	1	1.8	1	1.4	3	3.5	3.5
2149	17	7	0	2	1	2	1	1	32	0	0	0	0	0	6	0	0	0	1	0	1	1	1	3	3	3	3	3	3
2150	12	18	11	1	2	1	1	1	21	0	0	0	0	0	7	1	0	0	0	0	2	3	2.5	2.2	2.5	3	3.66666666666667	4	3
2151	0	0	0	1	1	1	1	1	19	0	0	0	0	0	5	1	0	0	0	0	1	1	1	3	3	3	3	3	3
2152	3	10	7	1	2	1	1	1	19	0	0	0	0	0	5	1	0	0	1	0	1	1	1	1.8	2.75	3	4.33333333333333	4.5	3
2153	16	9	7	1	1	1	1	1	20	0	1	0	0	0	3	0	0	1	0	0	2	2	2	3	3	3	3	3	3
2154	0	0	0	2	1	1	1	1	28	0	0	0	0	0	7	0	0	0	1	0	1	1	1	1.8	1	1.4	3	4	3
2155	0	1	0	1	2	1	1	1	22	0	1	0	0	0	8	1	0	0	1	0	1	1	1	1	1.5	2.8	3	4	1
2156	5	4	4	1	1	2	1	1	33	0	1	0	0	0	8	0	0	1	0	1	2	2	2	2.2	2.75	2.8	2.66666666666667	2.5	3
2157	0	4	5	1	1	1	1	1	36	0	1	0	1	0	2	0	1	0	0	1	1	1	1	1.2	1.75	1.2	1	1.5	2
2158	8	8	7	1	2	1	1	1	32	0	0	0	1	0	3	0	1	0	1	0	2	2	2	1.6	1.25	2	1.33333333333333	1	1
2159	0	0	0	2	2	1	1	1	22	0	0	0	0	0	7	1	0	0	0	0	1	1	1	1	1	1	1	1	1
2160	0	4	5	2	2	2	1	1	32	0	0	0	0	0	6	0	0	1	1	0	1	1.5	1.5	1	1.5	1	3	3	2.5
2161	1	5	5	1	1	1	1	1	28	0	0	0	1	0	7	0	0	0	0	0	1	1	1	2.4	2	2.2	2.33333333333333	2	2
2162	0	0	0	1	1	1	1	1	33	0	0	0	1	0	5	0	0	0	0	0	1	1	1	1	1	1	1	1	1
2163	0	0	0	2	1	1	1	1	20	0	1	0	0	0	6	1	0	0	1	0	1	1	1	3	3	3	3	3	3
2164	0	9	7	2	1	1	1	1	27	0	0	0	0	0	7	0	0	0	1	0	2	2	2	3.6	4.5	4.4	2	2	3
2165	0	8	7	1	1	1	1	1	43	0	0	0	0	0	6	0	0	0	1	0	2	2	2	2	2	2	2	2	2
2166	12	1	0	1	1	1	1	1	21	0	0	0	0	0	5	1	0	0	1	0	2	1	1.5	1.4	1.75	2.4	3	4	2.5
2167	13	12	7	1	1	1	1	1	21	1	1	0	0	0	4	1	0	0	1	0	3	3	2.5	3	2.25	3.6	3.66666666666667	3.5	3.5
2168	0	0	0	1	1	1	1	1	24	0	1	0	0	0	3	1	0	0	0	0	1	1	1	1	1	1	1	1	1
2169	16	14	9	1	1	1	1	1	22	0	1	0	0	0	2	1	0	0	1	0	1	1	1	3.2	2.5	3.6	2.33333333333333	2.5	2
2170	10	9	0	1	2	1	1	1	18	0	0	0	1	0	3	1	0	0	1	0	1	1	1	1.4	1.75	2	3	3	2.5
2171	0	0	0	2	1	1	1	1	36	0	0	0	0	0	5	0	0	0	0	0	1	1	1	1	1	1	1	1	1
2172	3	14	11	2	2	1	1	1	28	0	0	0	0	0	6	0	0	0	1	0	2	1.5	1.5	1.8	2.75	3	3.66666666666667	2	2
2173	2	8	7	1	1	1	1	1	30	0	0	0	0	0	7	0	0	0	0	0	2	2.5	2	2.2	2.5	2.2	4	3.5	3
2174	14	6	8	2	2	1	1	1	24	0	0	0	0	0	4	0	0	0	1	0	1	1	1	2.6	1	2	3.66666666666667	5	3.5
2175	0	0	6	1	1	1	1	1	33	0	0	0	0	0	6	0	0	0	0	0	3	2	2	2.8	2.5	3.4	3.66666666666667	1	1
2176	11	6	3	2	2	1	1	1	27	0	0	0	0	0	7	0	0	0	1	0	1	2.5	1.5	1	1.5	1.8	4	4	3
2177	2	9	7	1	1	1	1	1	32	0	1	0	0	0	5	0	0	0	1	1	1	1	1	2.6	2.75	3.4	3.33333333333333	4	2.5
2178	3	2	0	1	1	1	1	1	35	0	1	0	0	0	1	0	1	0	1	0	1	1	1.5	1.8	1.5	1.4	1.66666666666667	3	3
2179	12	14	13	1	1	1	1	1	36	0	1	0	1	0	5	0	0	0	1	0	2	2	2	3	3	2.8	3	3	3.5
2180	3	7	6	1	1	1	1	1	32	0	0	0	0	1	6	0	0	0	0	0	1	1	1	1.4	1.5	3	2.66666666666667	3	1
2181	6	6	6	1	1	1	1	1	27	0	1	0	0	0	5	0	0	0	1	0	1	1.5	1.5	1.6	2	2	3.33333333333333	3.5	3.5
2182	7	4	2	1	1	1	1	1	37	0	0	0	0	1	7	0	0	0	0	0	1	1	1	1.8	2.5	2.2	4.33333333333333	5	3
2183	2	4	1	1	1	1	1	1	21	0	0	0	0	0	4	1	0	0	0	0	1	1	1	2	2	3	4.33333333333333	4.5	4
2184	6	8	5	1	1	2	1	1	36	0	0	0	0	0	6	0	0	0	1	0	2	2	2	1.4	1.5	1.6	2	2	2
2185	3	6	5	2	1	2	2	1	26	0	0	0	0	0	7	0	0	0	1	0	1	1	1.5	1.8	1	1.4	5	4.5	5
2186	1	8	2	2	2	1	1	1	40	0	0	0	0	0	6	0	0	0	1	1	1	1	1	1.4	1.75	1.4	4	4.5	4
2187	3	18	10	2	1	1	1	1	28	0	0	0	0	0	3	0	0	0	1	0	1	1	1	2.4	2.75	4	2.33333333333333	4.5	3
2188	12	19	12	1	1	1	1	1	20	0	1	0	0	0	5	1	0	0	0	0	1	1	1	2.4	2.5	4	3.33333333333333	2	2
2189	23	13	10	2	2	2	1	1	20	0	0	0	0	0	8	1	0	0	0	0	4	2.5	2.5	2.4	3.5	2.4	3.33333333333333	3	2.5
2190	0	0	0	2	1	1	1	1	23	0	1	0	0	0	5	0	1	0	1	0	1	1	1.5	1	1	1	1	1	2
2191	1	10	5	1	1	1	1	1	20	0	0	0	0	0	2	1	0	0	0	0	1	1.5	1.5	2.8	3.75	3.4	2.33333333333333	2.5	2
2192	4	0	0	2	1	1	1	1	40	0	0	0	0	1	8	0	0	0	1	0	1	1	1	2.2	1	1.6	4	4	3
2193	10	3	5	2	2	1	1	1	41	0	0	0	0	0	4	0	0	0	1	0	1	1	1	1.8	1.25	3.2	3.66666666666667	4.5	4
2194	0	8	7	1	1	1	1	1	21	0	0	0	0	0	1	1	0	0	1	0	3	2	2.5	2.6	3	3.2	3	3	3
2195	0	24	21	1	1	1	1	1	40	0	1	0	0	0	6	0	0	0	0	1	1	1	1	3	3	3	3	3	3
2196	0	5	4	2	2	2	2	1	23	0	0	0	0	0	5	1	0	0	1	0	1	1	1	1	1	1.8	4	4.5	3.5
2197	1	5	1	1	1	1	1	1	36	0	0	0	0	0	5	0	1	0	0	0	1	1	1.5	1.6	1.25	1.6	1	1	1
2198	0	0	0	2	1	1	1	1	26	0	1	0	1	0	4	0	1	0	1	0	3	3	3	3	3	3.8	3	3	3
2199	8	4	0	2	2	1	1	1	40	0	0	0	0	0	3	0	0	0	1	0	1	1	1	1.8	1.75	1.4	4.33333333333333	4	3.5
2200	3	5	9	1	1	1	2	2	22	1	0	0	0	0	2	0	0	0	0	0	1	2	2.5	2.2	3.75	3	3.66666666666667	4.5	3
2201	3	1	2	2	1	1	1	1	44	0	0	0	0	0	6	0	0	0	1	0	1	1	1	1.2	1.25	2.2	4.33333333333333	5	3
2202	0	0	0	1	1	1	1	1	30	0	1	0	0	0	10	0	0	0	0	1	1	1	1	1	1	1	1	1	1
2203	19	10	9	2	2	1	1	1	21	0	0	0	1	0	2	1	0	0	1	0	1	2	1	2	2	2.2	3.66666666666667	3.5	3
2204	1	5	1	1	1	1	1	1	27	0	0	0	0	0	3	0	0	0	1	0	1	1	1	1	1	2	2.66666666666667	3	2
2205	11	8	7	1	1	2	2	1	36	0	0	0	0	0	5	0	0	0	1	1	2	2	2	2	2	2.2	3	3	2.5
2206	1	3	0	1	1	1	1	1	36	0	0	0	0	0	5	0	1	0	0	0	1	1	1	1.8	1.5	3	3.33333333333333	2.5	2
2207	7	9	4	1	1	1	1	1	27	0	0	0	0	1	7	1	0	0	0	0	2	2	2	3.2	3	3.2	3	2.5	2
2208	3	6	6	2	2	1	1	1	27	0	0	0	0	0	7	0	0	0	1	0	1	1	1	1.4	1.75	2.8	3.33333333333333	3.5	2.5
2209	3	14	8	1	1	1	1	1	36	0	0	0	0	0	5	0	0	0	0	0	1	1.5	2.5	5	5	4.8	5	5	5
2210	4	11	3	2	2	1	1	1	25	0	0	0	0	0	4	0	1	0	1	0	2	1.5	1.5	1.4	1.5	2	4	3.5	2
2211	1	4	0	1	1	1	1	1	30	0	1	0	0	0	6	0	0	0	1	0	2	2	2	1.4	1	1.4	3.66666666666667	4.5	2
2212	5	3	0	1	1	1	1	1	18	0	1	0	1	0	5	1	0	0	0	0	1	1	1	2	2	2.6	2.33333333333333	3	3
2213	1	10	6	1	1	1	1	1	27	0	1	0	0	0	5	0	0	0	1	0	1	1	1	1.8	2.5	2.8	1.66666666666667	2	1.5
2214	24	27	21	2	2	2	1	1	35	0	0	0	0	1	6	0	0	1	1	0	1	1	1	1	1	1.4	3.66666666666667	3.5	4.5
2215	7	4	3	2	2	2	1	1	31	0	0	0	0	0	4	0	0	0	1	0	1	1	1	2	2.5	2.6	4	3.5	2.5
2216	9	8	8	2	2	1	2	1	23	0	0	0	1	0	3	0	1	0	1	0	1	1	1	2.6	2.75	3	3	4	3
2217	2	6	5	1	1	1	1	1	42	0	0	1	0	0	7	0	0	0	0	1	1	1	1	1	1.5	1.8	3.33333333333333	4	3
2218	7	6	4	1	1	1	1	1	28	0	0	0	0	0	3	0	0	0	0	0	2	1	1.5	3	3	3	3	3	3
2219	11	15	7	2	1	1	1	1	19	0	1	0	1	0	5	0	1	0	1	0	1	1	1.5	1.8	1	2	3	3	2
2220	6	14	0	1	1	1	1	1	29	0	0	0	0	0	4	0	0	0	0	1	5	4	5	2.8	5	3.4	1.33333333333333	1	1
2221	3	8	10	2	1	1	1	1	52	0	0	0	1	0	3	0	0	0	1	0	1	1	1	1.8	3	2.2	3.33333333333333	3.5	3
2222	0	2	0	1	1	2	1	1	29	0	0	0	0	0	5	0	0	0	1	0	1	1	1	1.4	1	1.4	3.66666666666667	4	2.5
2223	0	3	2	2	2	1	1	1	27	0	0	0	0	1	5	0	0	0	0	0	2	1.5	1.5	3.2	3.5	3.8	3.66666666666667	2.5	2
2224	64	27	21	1	1	1	1	1	21	1	0	0	1	0	9	0	1	0	1	0	1	1	1	1	1	1	1	1	1
2225	0	7	2	1	1	1	1	1	26	0	0	0	0	0	3	0	0	0	0	0	1	1	1	1	1	1	1	1	1
2226	39	13	0	2	1	1	1	1	22	0	0	0	0	0	4	0	0	1	1	0	1	1	1	1.4	1	1.8	5	5	3
2227	10	11	7	1	2	1	1	1	28	0	1	0	0	0	5	0	0	1	1	1	1	1.5	1	2	2.25	2.6	3.33333333333333	4	2.5
2228	10	6	3	2	1	1	1	1	33	0	0	0	0	1	5	0	0	1	1	1	1	1	1.5	1.4	1	1.8	3	4	2.5
2229	8	20	11	2	1	1	1	1	21	1	0	0	0	0	6	1	0	0	1	0	1	1.5	1.5	1.4	2.5	1.6	4	3	2
2230	1	6	6	1	1	1	1	1	26	0	0	0	0	0	10	0	0	0	0	0	1	1	1	1	1	3.2	4	4	4
2231	20	16	10	2	2	2	1	1	23	0	1	0	0	0	7	0	0	0	1	1	1	1	1.5	2.8	1.25	2.2	4.33333333333333	4.5	3
2232	3	7	0	1	2	1	1	1	20	0	0	0	0	0	6	1	0	0	1	0	1	1	1	1.6	2	2.8	4	4	4
2233	9	11	3	1	1	1	1	1	24	0	0	0	0	1	6	1	0	0	1	0	1	1	1	1.2	2.25	3	4.33333333333333	4	2.5
2234	5	2	0	2	1	1	1	1	36	0	0	0	0	0	6	0	0	0	1	0	1	1.5	1.5	1.4	1.5	1.8	3	3.5	3.5
2235	6	4	6	2	2	2	1	1	20	1	0	0	0	0	3	0	1	0	1	0	1	1	1	1.4	1	1.8	3	4	3
2236	0	0	1	2	2	1	1	1	19	0	1	0	0	0	6	1	0	0	1	0	2	1.5	2.5	3	4.25	3.4	2.66666666666667	1	1
2237	13	5	5	2	2	2	1	1	29	0	0	0	0	1	7	0	0	0	1	0	1	1	1	2	2.5	2.2	3.66666666666667	3	3
2238	2	6	5	1	1	1	1	1	23	0	1	0	0	0	5	0	0	1	0	0	1	1	2	2.6	2.25	3.2	3.33333333333333	4	3
2239	0	0	0	1	1	1	1	1	20	0	1	0	0	0	10	0	0	0	0	0	1	1	1	1	1	1	1	1	1
2240	11	9	3	2	1	1	2	1	29	0	0	0	0	0	3	0	0	0	1	0	2	2	1.5	1.8	2	1.8	4.33333333333333	4	4.5
2241	7	5	2	1	1	1	1	1	21	0	1	0	0	0	7	1	0	0	0	0	1	1	1	1.4	1.5	2.6	3.33333333333333	3	3
2242	11	7	7	2	2	1	1	1	29	0	0	0	0	0	8	0	0	0	1	0	2	1	1.5	1.6	2.25	2	4.66666666666667	4	3
2243	8	14	11	1	1	1	1	1	25	0	1	0	0	0	5	0	0	0	0	0	1	1.5	1	2	2.75	3.2	4	4.5	4
2244	1	4	4	1	1	1	1	1	32	0	0	0	0	0	6	0	0	0	0	0	1	1	1	1.4	1	1.8	3.66666666666667	4	3.5
2245	14	15	13	2	1	2	1	1	33	0	1	0	0	0	6	0	1	0	1	0	1	1	1	1.8	2	1.2	4	3.5	2
2246	0	0	0	1	1	1	1	1	23	0	0	0	1	0	3	0	0	0	1	0	1	1	1	1	1	1	4	4	2.5
2247	4	9	2	1	1	1	1	1	42	0	1	0	0	1	4	0	0	0	0	1	1	1.5	1.5	2.8	3	3.8	3	3.5	3
2248	8	8	7	1	1	1	1	1	28	0	0	0	0	0	4	0	1	0	0	0	1	1	1	3	2.25	2.8	3.66666666666667	4	4
2249	0	0	0	1	1	1	1	1	26	0	1	0	0	0	7	0	0	0	0	0	1	1	1	1	1.5	1	1	1	1
2250	4	12	8	1	1	1	1	1	24	0	0	0	0	0	5	0	0	0	0	0	1	1	1.5	1.4	2.25	2.8	4	4	3
2251	9	9	7	2	1	1	1	1	32	0	1	0	0	0	7	0	0	0	0	0	1	1	1	2	2	2	2	2	2
2252	4	8	7	1	1	1	1	1	44	0	0	0	0	0	5	0	0	0	0	0	1	1	1	2.6	3	2.4	2.66666666666667	3	3
2253	5	2	0	2	2	1	1	1	24	0	1	0	0	1	6	0	0	0	1	0	1	1	1	2	3	2.2	3	2.5	1.5
2254	0	0	0	1	1	2	1	1	30	0	0	0	0	0	3	0	0	1	1	0	1	1	1	3	3	3	3	3	3
2255	0	3	15	1	1	1	1	1	50	0	1	0	0	1	8	0	0	0	0	0	1	1	1	1.2	1	2	1.33333333333333	3	1
2256	9	8	7	2	2	1	1	1	22	0	0	0	0	0	4	0	0	0	0	0	1	1	1.5	3	3.5	3.2	3	3	3
2257	15	16	16	2	1	1	1	1	25	0	0	0	1	0	5	0	0	0	1	0	1	1	1	1.6	1.5	3.4	3.66666666666667	3	1
2258	1	2	0	2	1	2	1	1	31	0	0	0	0	0	3	0	0	0	0	0	2	1	1.5	1	1	1.4	3.33333333333333	3.5	3
2259	9	12	10	1	1	1	1	1	20	0	1	0	0	0	5	0	0	0	0	0	1	1	1	2.4	2.25	2.6	3	3	2.5
2260	9	6	5	1	2	1	1	1	28	0	0	0	0	0	5	0	1	0	0	0	2	2	1.5	2	1.75	1.6	1	1	2.5
2261	0	0	2	2	1	1	1	1	18	0	0	0	1	0	3	1	0	0	0	0	1	1	1	2.8	3.75	2.8	3	3.5	3.5
2262	0	0	0	1	2	1	1	1	29	0	0	0	0	0	5	0	0	0	1	0	1	1	1	2.2	1.5	1	4.33333333333333	4	3
2263	9	3	2	2	2	2	1	1	21	0	0	0	0	0	6	0	0	1	1	0	1	1.5	1	1.4	2.25	2	3	3.5	2
2264	5	10	7	2	1	2	1	1	30	0	0	0	0	1	7	0	0	0	1	0	1	1	1	1.8	2.5	2.8	4	2.5	2.5
2265	0	9	4	2	1	2	2	2	22	0	0	0	0	0	4	0	0	0	1	0	1	1	1	3	3	3	3	3	3
2266	6	0	1	2	1	1	1	1	18	1	0	0	1	0	5	1	0	0	0	0	1	1	1.5	2.2	1	1.6	4	4	2.5
